city,neighborhood,house type,house_area,garden_area,rooms,balconies,air_condition,parking,protected_room,elevator,renovated,furniture,accessibility,bars,storage,price
תל אביב יפו,,דירה,300,0,5.0,1,1,1,1,1,1,0,1,0,1,33000000
רעננה,קרית גנים,בית פרטי/קוטג',406,300,7.0,1,1,1,0,0,1,0,0,0,0,7590000
תל אביב יפו,המשתלה,דירה,113,0,4.0,1,1,1,1,1,0,0,0,0,0,4300000
בת ים,ניצנה,דירה,50,0,2.0,0,1,0,0,0,0,1,0,1,0,1640000
תל אביב יפו,,דירה,240,0,4.0,1,1,1,1,1,0,0,0,0,0,12500000
חולון,בן גוריון,דירה,130,0,4.0,1,1,1,0,1,0,1,1,1,1,2490000
לוד,אלישיב,דירה,132,0,5.0,1,1,1,1,1,1,0,1,0,0,2070000
קרית ים,קרית ים  א',דירת גן,250,40,8.0,2,1,1,1,1,1,0,0,0,1,2800000
מבשרת ציון,שכונה ה'-ו',דירה,96,0,3.0,1,1,1,1,0,0,1,0,0,0,2450000
חיפה,רמת בן גוריון,גג/פנטהאוז,135,0,5.0,1,1,1,1,0,1,1,0,0,1,2990000
הוד השרון,מגדיאל,דירה,123,0,4.0,2,1,1,1,1,0,1,1,1,0,2890000
קרית ים,גלי ים,דירה,115,0,4.0,1,0,1,1,1,0,0,0,0,1,1860000
בת ים,"דרום חדש, פארק הים",דירה,106,0,3.0,1,1,1,1,1,1,1,0,0,1,3890000
תל אביב יפו,הצפון הישן - צפון,דירה,73,0,3.0,2,1,0,0,0,0,0,0,1,0,4450000
הרצליה,הרצליה פיתוח,בית פרטי/קוטג',560,0,5.0,1,0,0,0,0,0,0,0,0,0,8150000
קרית גת,כרמי גת,גג/פנטהאוז,200,0,5.0,1,1,1,1,1,0,0,1,0,1,2900000
ירושלים,פסגת זאב,דירה,73,0,3.0,0,0,1,1,0,0,1,1,0,1,1960000
נס ציונה,גבעת הצבר,דירה,90,0,3.0,1,1,1,1,1,1,0,1,1,1,2470000
קרית מוצקין,,דו משפחתי,330,0,4.0,0,1,1,1,0,1,0,0,0,1,2899000
באר שבע,,בית פרטי/קוטג',450,0,5.0,1,1,1,1,0,1,0,1,0,1,2399000
נתיבות,,דירה,117,0,4.0,1,1,1,1,1,0,0,1,0,1,1450000
כוכב השחר,,בית פרטי/קוטג',350,200,6.0,0,1,1,1,0,0,0,0,0,1,2200000
להבים,,בית פרטי/קוטג',550,550,6.0,2,1,1,1,0,1,0,0,0,0,4100000
ירושלים,"בית הכרם, רמת בית הכרם",דירת גן,155,40,6.0,1,1,1,0,0,1,0,0,0,0,6100000
הרצליה,מרכז,דירה,110,0,4.0,1,1,1,1,1,0,0,1,0,1,3750000
רמת גן,תל יהודה,דירת גן,91,0,3.0,0,0,1,1,0,0,0,0,0,0,4000000
תל אביב יפו,"גני שרונה, קרית הממשלה",דירה,130,0,4.0,1,1,1,1,1,1,0,1,0,1,8350000
הוד השרון,גרין פארק שיכון עובדים,גג/פנטהאוז,170,0,6.0,1,1,1,1,1,0,1,1,1,1,6850000
חולון,קרית אילון,דירה,130,0,5.0,1,1,1,1,1,1,0,1,1,1,3199999
קרית אונו,פסגת אונו,דירה,80,0,3.0,1,1,1,1,1,1,1,1,1,1,3030000
פרדס חנה כרכור,נווה התות,דו משפחתי,170,40,5.0,2,1,1,1,0,0,0,0,0,0,3700000
תל אביב יפו,כוכב הצפון,דירה,107,0,4.0,1,1,1,1,1,1,0,1,1,1,5800000
הרצליה,הרצליה ב',דירה,93,0,3.0,1,1,1,1,1,1,0,1,0,1,4390000
נופית,,דו משפחתי,250,0,6.0,1,1,1,1,0,1,0,0,0,0,3790000
חדרה,בית אליעזר,דו משפחתי,325,0,5.0,1,1,1,1,0,1,0,0,0,0,3100000
תל אביב יפו,ביצרון ורמת ישראל,דירה,107,0,4.0,1,1,1,1,1,1,0,0,1,1,4900000
כפר יונה,שרונה,דירה,127,0,5.0,2,1,1,1,1,1,0,1,0,0,2670000
כפר סבא,,דירה,105,0,4.0,1,1,1,1,1,0,1,1,1,0,3390000
באר שבע,שכונה ג',דירה,93,0,4.0,0,1,0,0,0,0,0,0,0,0,920000
מודיעין מכבים רעות,הציפורים,דירה,130,0,5.0,1,1,1,1,1,1,0,1,0,1,3790000
באר שבע,שכונה ב',דירה,100,0,4.0,0,1,1,0,1,1,1,1,0,1,1350000
תל אביב יפו,"גני שרונה, קרית הממשלה",דירה,102,0,4.0,1,1,1,0,1,1,0,1,1,0,4900000
שדרות,בן גוריון ב',גג/פנטהאוז,210,0,5.0,3,1,1,1,0,1,0,0,0,0,2080000
גבעתיים,פועלי הרכבת,דירה,105,0,4.0,1,1,1,1,1,0,0,0,1,0,3700000
קיסריה,הביכורים,בית פרטי/קוטג',640,0,8.0,0,1,1,1,0,0,0,0,0,0,8200000
אבן יהודה,גילץ הירוקה,בית פרטי/קוטג',200,70,7.0,1,1,1,1,0,1,0,1,0,1,5600000
הרצליה,מרכז,דירה,78,0,2.0,1,1,1,1,1,0,0,1,0,0,2680000
נהריה,עין שרה,דירה,129,0,4.0,1,1,1,1,1,1,0,0,0,1,1830000
רמת גן,"מרום נוה, רמת יצחק",גג/פנטהאוז,146,0,5.0,2,1,1,0,1,1,1,1,1,0,3900000
חולון,ח-501,דירה,120,0,5.0,1,1,1,1,1,1,1,1,0,1,3680000
כוכב יעקב,כוכב יעקב,דירה,116,0,4.0,1,1,1,1,0,0,0,1,0,0,1750000
קיסריה,,בית פרטי/קוטג',600,0,7.0,2,0,1,0,0,0,0,0,0,0,8900000
רמלה,"קרית האמנים, מצליח",גג/פנטהאוז,220,0,5.0,1,1,1,1,1,1,0,1,0,1,3090000
ירושלים,תלפיות,דירה,94,0,4.0,1,1,0,0,1,0,1,0,0,0,3450000
בני ברק,מרכז העיר,דירה,73,0,3.0,0,1,0,1,1,1,1,1,0,0,2200000
חיפה,"העיר התחתית, ואדי סאליב",דירה,87,0,4.0,0,1,1,0,0,1,1,0,1,1,1000000
אשדוד,"רובע י""א",דירה,125,0,4.0,0,1,1,0,1,1,0,1,1,0,2160000
עומר,שאר העיר,בית פרטי/קוטג',7503,0,7.0,1,1,1,0,0,0,1,0,0,1,3800000
חריש,החורש,דירת גן,108,130,5.0,0,1,1,1,0,0,0,0,0,1,2290000
תל אביב יפו,נווה שרת,דירה,121,0,5.0,1,1,1,1,1,1,0,1,0,1,5350000
טירת כרמל,גלי כרמל,דירה,136,0,5.0,1,1,1,1,1,0,0,1,1,1,2380000
תל אביב יפו,הצפון הישן - צפון,דירה,60,0,2.0,0,1,0,0,0,0,0,0,0,0,3350000
ירושלים,עיר גנים,דירה,112,0,4.0,1,1,1,1,1,1,0,1,0,1,3150000
חיפה,גבעת זמר,דירת גן,300,150,5.0,0,1,1,1,1,1,0,1,0,1,3250000
ירושלים,"בית הכרם, רמת בית הכרם",דירה,90,0,4.0,1,0,1,0,0,0,0,0,0,1,3320000
קדומים,קדומים,בית פרטי/קוטג',400,350,6.0,2,1,1,0,0,1,0,0,0,1,2550000
ראש העין,פסגות אפק,דירה,117,0,4.0,1,1,1,1,1,0,0,0,0,1,2790000
תל אביב יפו,"צהלון, שיכוני חסכון",דירה,55,0,2.0,0,0,0,0,0,0,0,0,0,0,2020000
נהריה,אכזיב,דירה,120,0,4.0,1,1,1,1,1,0,0,1,0,1,2085000
חדרה,עין הים,דירה,132,0,4.0,1,1,1,1,1,1,0,1,0,1,2400000
קרית שמונה,מרכז העיר,דירה,91,0,4.0,0,1,0,0,1,1,1,1,1,1,1100000
קדימה צורן,רמת אמיר,דירה,135,0,5.0,1,1,1,1,1,0,0,1,0,1,3450000
ירושלים,"בית הכרם, רמת בית הכרם",דירה,100,0,4.0,1,1,0,1,1,1,1,1,0,1,3420000
תל אביב יפו,המשתלה,דירה,101,0,4.0,1,1,1,1,1,0,0,1,0,0,4980000
רחובות,נווה יהודה,דו משפחתי,410,300,3.0,0,1,1,0,0,0,0,1,0,1,5850000
נהריה,"עיר, מרכז העיר",דירה,120,0,4.0,1,1,1,0,1,0,1,1,0,1,1750000
בני ברק,גבעת סוקולוב,דירה,100,0,4.0,2,1,1,0,0,0,0,0,1,0,2700000
בת ים,רוטשילד עצמאות,דירה,98,0,4.0,0,1,1,0,0,1,1,0,1,1,2400000
אלקנה,אלקנה,דירת גן,227,100,5.0,1,1,1,1,1,0,0,1,0,1,2950000
נתניה,נוף הטיילת,דירה,117,0,4.0,0,1,0,0,1,1,1,1,0,0,3150000
גבעתיים,גבעת הרמבם,דירה,55,0,2.0,0,1,0,0,0,0,0,1,1,0,2290000
פתח תקווה,רמת ורבר,גג/פנטהאוז,203,0,5.0,1,1,1,1,1,0,0,1,0,1,4200000
ערד,אבישור,דירה,75,0,3.0,0,1,1,0,0,0,1,0,0,0,640000
תל אביב יפו,"נווה גולן, יפו ג'",דופלקס,124,0,3.0,1,1,1,1,1,0,0,1,0,1,3200000
אשדוד,רובע א',בית פרטי/קוטג',622,622,7.0,1,0,1,0,0,0,0,0,0,0,6900000
חולון,בן גוריון,דירה,87,0,4.0,1,1,1,0,1,1,0,1,1,0,2190000
אשקלון,שקמים ואגמים,דירה,122,0,5.0,1,1,1,1,1,1,0,1,1,0,1745000
חולון,תל גיבורים,דירה,60,0,3.0,0,1,0,0,0,1,0,0,1,0,1850000
ירושלים,פסגת זאב,דירה,90,0,4.0,1,1,0,0,0,1,0,1,0,0,2590000
נצרת עילית / נוף הגליל,הר יונה,דירה,70,0,3.0,0,1,0,0,0,0,0,0,0,0,960000
רחובות,א' / צפון מזרח העיר,דירה,100,0,4.0,0,1,1,0,1,1,0,1,1,0,2400000
תל אביב יפו,הצפון הישן - צפון,דירה,58,0,2.0,0,1,0,0,0,1,0,0,1,0,4200000
פרדס חנה כרכור,נווה פרדסים,גג/פנטהאוז,125,0,5.0,1,1,1,1,1,0,0,1,0,1,3250000
לוד,"נווה נוף, אקדמאים",דירה,100,0,4.0,1,1,1,1,1,1,1,1,0,1,1730000
עומר,שאר העיר,בית פרטי/קוטג',600,0,4.0,0,1,1,1,0,0,0,0,0,1,3000000
תל אביב יפו,הצפון החדש - כיכר המדינה,דירה,180,0,5.0,1,1,1,1,1,1,0,1,1,1,15900000
קרית אונו,המרכז,דירה,112,0,4.0,1,1,1,1,1,1,1,1,1,1,3190000
תל אביב יפו,רמת אביב ג',דירה,124,0,5.0,1,1,1,0,1,1,0,1,0,1,6200000
באר יעקב,הרצל,דירה,73,0,3.0,0,1,0,0,0,0,0,0,0,0,1970000
תל אביב יפו,הדר יוסף,דופלקס,192,0,6.0,1,1,0,1,1,0,0,1,0,0,7780000
בני ברק,פרדס כץ,דירה,67,0,3.0,0,1,0,0,0,1,0,0,0,1,1960000
חיפה,הדר מרכז,דירה,101,0,5.0,0,1,0,0,0,1,1,0,0,0,1350000
להבים,,בית פרטי/קוטג',200,570,5.0,1,1,1,1,0,1,0,0,0,1,3200000
בת ים,רמת יוסף,דירה,70,0,3.0,0,1,0,0,1,0,0,0,0,0,1560000
באר שבע,מרכז אזרחי,דירה,153,0,5.0,1,1,1,1,1,1,0,1,0,0,1740000
רחובות,קרית דוד,דירה,105,0,4.0,1,1,1,1,1,0,0,0,1,0,2280000
תל אביב יפו,המשתלה,דירה,114,0,4.0,1,1,1,1,1,1,0,1,0,0,4850000
תל אביב יפו,כרם התימנים,דירה,60,0,2.0,3,1,0,0,0,0,0,0,1,0,3850000
תל אביב יפו,"יפו ד', גבעת התמרים",דירה,60,0,2.0,0,1,0,1,0,1,1,1,0,0,1900000
רמת גן,"שכונת חשמונאים, מרכז העיר א",דירת גן,111,67,5.0,2,1,1,1,1,1,0,1,0,0,4600000
רחובות,רחובות המדע,דירה,114,0,4.0,1,1,1,1,1,1,0,1,0,1,3080000
כפר סבא,כפר סבא הירוקה,דירה,113,0,4.0,1,1,1,1,0,0,0,0,0,1,3600000
קיסריה,,בית פרטי/קוטג',600,0,8.0,3,0,1,0,0,0,0,0,0,0,10500000
קרית אונו,קיראון,דירה,130,0,5.0,1,1,1,1,1,0,0,1,0,0,3480000
קרית טבעון,,דירה,55,0,3.0,1,1,0,0,0,0,0,0,0,0,1490000
פרדס חנה כרכור,יובלים,דו משפחתי,200,95,6.0,1,1,1,1,0,1,0,0,0,1,4089000
רמת ישי,,דו משפחתי,140,0,5.0,1,1,1,0,0,1,1,0,0,1,2850000
רחובות,א' / צפון מזרח העיר,דירה,113,0,4.0,1,1,1,0,1,1,0,1,0,0,2440000
מודיעין מכבים רעות,הכרמים,דירה,93,0,4.0,1,1,1,1,1,0,0,1,0,1,2850000
חיפה,כרמל צרפתי,דירה,127,0,5.0,1,1,1,1,1,1,0,1,0,1,2450000
רעננה,נווה זמר,דירה,106,0,4.0,1,1,1,1,1,0,0,1,0,1,3700000
עפולה,רובע יזרעאל סביוני העמק,דירה,122,0,4.0,1,1,1,1,1,0,0,0,0,1,1500000
אילת,יעלים,דירה,100,0,4.0,0,1,0,0,0,1,1,0,1,0,1250000
תל אביב יפו,"צהלון, שיכוני חסכון",דירה,120,0,5.0,2,1,0,0,0,1,0,0,0,1,3350000
טבריה,שיכון עובדים,גג/פנטהאוז,205,0,5.0,2,1,1,1,1,1,1,1,0,1,2900000
ירושלים,,דירה,81,0,4.0,1,1,0,0,0,1,0,0,0,0,2400000
רחובות,רחובות המדע,דירה,127,0,5.0,1,1,1,1,1,1,1,1,0,1,3490000
פרדס חנה כרכור,יובלים,דו משפחתי,250,60,5.0,2,1,1,1,0,0,0,0,0,1,4350000
ירושלים,קרית היובל,דירה,100,0,4.0,1,0,0,0,0,0,0,0,0,0,2480000
מודיעין מכבים רעות,הפרחים,דירה,100,0,4.0,1,1,1,1,0,1,0,0,0,0,2990000
גבעתיים,"הל""ה",דירה,64,0,2.0,0,0,0,0,0,0,0,0,0,0,2270000
באר שבע,שכונה ד',דירה,52,0,3.0,0,1,0,0,0,1,1,0,0,0,799000
חיפה,רמות רמז,דירת גן,130,30,4.0,1,0,0,0,0,0,0,0,0,1,1680000
קרית טבעון,,דו משפחתי,500,0,6.0,0,0,1,0,0,0,0,0,0,0,3900000
תל אביב יפו,,דירה,170,0,3.0,2,1,1,1,1,1,0,0,0,0,7900000
חולון,נווה רמז,דירה,90,0,4.0,0,1,1,0,1,1,1,1,1,1,2350000
רמלה,נאות שמיר,דירה,154,0,5.0,1,1,1,1,1,0,0,1,0,1,2690000
קיסריה,הים,בית פרטי/קוטג',1130,0,5.0,1,1,1,1,1,0,0,1,0,1,10800000
אורנית,אורנית,דו משפחתי,351,100,9.0,3,1,1,1,0,1,0,0,0,1,4600000
תל אביב יפו,הצפון החדש - כיכר המדינה,דירה,130,0,5.0,1,1,1,0,1,0,0,1,1,0,9900000
כפר סבא,הזמר העברי,דופלקס,280,0,6.0,2,1,1,1,1,1,0,0,0,1,6100000
יבנה,נאות רבין,דירה,175,0,5.0,1,1,1,1,1,0,0,0,0,1,3450000
רמלה,קרית מנחם בגין,דירה,83,0,4.0,0,1,1,0,1,1,1,1,0,0,1650000
חיפה,קרית חיים מזרחית,דירה,80,0,3.0,1,1,1,1,1,1,1,1,0,1,1570000
בנימינה גבעת עדה,גבעת הפועל,בית פרטי/קוטג',320,300,5.0,0,1,0,1,0,0,0,0,0,0,5000000
תל אביב יפו,"עזרא, הארגזים",דירה,100,0,4.0,1,1,1,1,1,1,0,0,0,1,3400000
קיסריה,ההדרים,בית פרטי/קוטג',1360,0,10.0,1,1,1,1,0,1,1,1,0,1,22000000
בת ים,רמת הנשיא,דירה,65,0,2.0,2,0,0,0,0,1,0,0,1,0,1730000
ורדון,,דו משפחתי,163,187,6.0,1,1,1,1,0,0,1,0,0,1,3350000
קיסריה,,בית פרטי/קוטג',600,0,6.0,2,0,1,0,0,0,0,0,0,0,7500000
אשדוד,רובע ו',בית פרטי/קוטג',370,250,5.0,0,0,0,0,0,0,0,0,0,0,3550000
עפולה,גבעת המורה,בית פרטי/קוטג',566,360,6.0,2,1,1,1,0,1,1,1,0,1,4500000
ראשון לציון,נחלת יהודה,דירה,130,0,4.0,1,1,1,1,1,1,1,1,1,1,3580000
גן יבנה,נווה גן,דו משפחתי,330,0,6.0,1,1,1,1,0,1,0,1,0,1,4450000
פרדס חנה כרכור,,דו משפחתי,250,0,4.0,0,1,1,1,0,0,1,1,0,0,3500000
בת ים,"דרום חדש, פארק הים",דירה,111,0,4.0,1,1,1,1,1,1,1,0,0,1,4250000
בית שמש,הקריה החרדית,דירת גן,267,153,5.0,2,1,1,0,0,0,0,1,0,0,2999000
קיסריה,,דו משפחתי,750,0,7.0,3,0,1,0,0,0,0,0,0,0,6000000
תל אביב יפו,רמת אביב ג',דירה,68,0,3.0,0,1,1,0,1,1,1,1,1,0,3850000
שוהם,,בית פרטי/קוטג',250,0,7.0,1,1,1,0,0,1,1,1,0,0,8500000
תל אביב יפו,הצפון החדש - כיכר המדינה,דירה,140,0,3.0,1,1,1,1,1,1,1,1,0,1,11500000
הוד השרון,מגדיאל,דירה,155,0,5.0,1,1,1,1,1,0,0,1,0,1,4050000
תל מונד,,דירת גן,150,130,5.0,0,1,1,1,1,0,0,1,0,0,4500000
לוזית,לוזית,בית פרטי/קוטג',560,560,7.0,1,1,1,1,0,1,0,1,0,1,6100000
נצרת עילית / נוף הגליל,שלום,דירה,61,0,3.0,0,1,0,0,0,1,0,0,1,0,955000
אופקים,שפירא,בית פרטי/קוטג',500,500,7.0,2,1,1,1,0,0,0,1,0,1,2700000
תל אביב יפו,הצפון הישן - דרום,דירה,64,0,3.0,0,1,0,0,1,0,0,1,1,0,4180000
תל אביב יפו,"לב תל אביב, לב העיר צפון",דירה,85,0,3.0,0,1,0,0,1,1,0,0,0,0,4450000
צור יצחק,צור יצחק,דירה,151,0,5.0,1,1,1,1,1,0,0,1,1,1,2500000
רחובות,חצרות המושבה,דירה,108,0,4.0,1,1,1,1,1,0,0,1,0,0,2470000
קרית אתא,מרכז העיר,דירת גן,300,150,5.0,0,1,1,1,0,0,0,1,0,1,2800000
באר שבע,שכונה ט',דירה,72,0,3.0,0,1,1,0,0,1,1,0,0,0,770000
אליכין,,בית פרטי/קוטג',155,450,5.0,1,1,1,0,0,1,0,1,0,1,3200000
עכו,הכרם ב,דירה,130,0,4.0,1,1,1,1,1,0,0,1,0,1,2150000
חיפה,הדר מרכז,דירה,90,0,3.0,1,1,0,0,0,0,1,0,0,0,1110000
אשקלון,בן גוריון,דירה,63,0,3.0,1,1,0,0,0,1,0,0,0,1,1040000
תל אביב יפו,הצפון החדש - כיכר המדינה,דירה,105,0,3.0,1,1,1,1,1,1,1,1,1,1,7500000
כפר יונה,שרונה,דירה,142,0,5.0,1,1,1,1,1,1,0,1,1,0,2640000
אשקלון,גן הורדים,דירה,104,0,5.0,1,1,1,1,1,0,0,1,0,0,1480000
ירושלים,קרית מנחם,דירה,120,0,5.0,1,1,0,0,0,0,0,0,0,1,2750000
ירושלים,בית ישראל,דירה,66,0,3.0,0,1,0,0,0,0,0,1,0,0,2555000
רמת גן,"נווה יהושע, ערמונים",דירה,102,0,5.0,1,1,0,1,1,1,1,1,0,1,2500000
הוד השרון,מתחם 19 - 20 (מתחם הפרחים),דו משפחתי,230,0,8.0,2,1,1,1,0,0,1,0,0,1,6350000
באר שבע,שכונה ד',דירה,65,0,3.0,1,1,1,1,1,0,1,1,0,0,950000
ירושלים,"ארמון הנציב, תלפיות מזרח",דירה,60,0,3.0,0,1,0,0,0,0,0,0,0,0,2050000
חיפה,רמת בגין,דירה,130,0,5.0,1,1,1,1,0,1,1,0,1,1,2800000
תל אביב יפו,המשתלה,דירה,138,0,5.0,1,1,1,1,1,1,1,1,0,1,5950000
תל אביב יפו,"לב תל אביב, לב העיר צפון",דירה,65,0,3.0,1,1,1,0,1,1,1,0,0,0,3650000
הרצליה,,דירה,120,0,5.0,0,1,1,1,1,0,0,1,1,0,3850000
תל אביב יפו,הצפון החדש - כיכר המדינה,דירה,66,0,3.0,0,1,1,0,1,0,1,1,1,0,6200000
קיסריה,,דופלקס,500,0,6.0,2,0,1,0,0,0,0,0,0,0,7500000
חדרה,מרכז העיר,דירה,100,0,4.0,1,1,1,1,1,0,0,0,0,0,1920000
רמת גן,"שכונת בן גוריון, מרכז העיר ג'",דירה,85,0,3.0,1,1,0,1,1,1,0,0,1,0,2690000
תל אביב יפו,בבלי,דירה,86,0,3.0,1,1,0,1,0,0,0,0,0,1,4200000
רעננה,קרית הפרחים - 2005,דירה,107,0,3.0,1,1,1,1,1,0,0,1,1,1,2750000
ראש העין,"צה""ל",דירת גן,74,200,3.0,0,1,0,0,0,1,0,0,0,1,2920000
תל אביב יפו,"צמרות איילון, פארק צמרת",דירה,80,0,2.0,1,1,1,1,1,0,1,1,0,1,4300000
קיסריה,הציפורים,בית פרטי/קוטג',500,500,6.0,3,1,1,1,0,0,0,0,0,1,6500000
אלעד,אלעד,דירה,145,0,5.0,1,1,1,1,1,1,1,1,0,1,3000000
ראשון לציון,שער הים,דירה,129,0,5.0,1,1,1,1,1,1,0,1,1,1,4290000
אור עקיבא,אור ים,דירת גן,184,63,4.0,1,1,1,1,0,1,0,1,0,0,3600000
רמלה,"קרית האמנים, מצליח",דירה,112,0,4.0,1,1,1,1,1,1,0,1,1,1,2550000
תל אביב יפו,המשתלה,דירה,80,0,3.0,1,1,1,1,1,1,0,1,0,0,4290000
בת ים,רוטשילד עצמאות,דירה,83,0,3.0,0,1,0,0,0,1,0,0,1,0,2650000
חולון,אגרובנק,דירה,94,0,4.0,0,1,1,0,1,0,0,0,0,0,2400000
ערד,נשר,דירה,147,0,4.0,1,1,1,1,1,1,0,1,0,0,1450000
גבעת שמואל,רמת הדקלים,גג/פנטהאוז,311,0,6.0,1,1,1,1,1,1,0,1,1,1,8500000
תל אביב יפו,נווה שאנן,גג/פנטהאוז,62,0,3.0,1,1,0,1,1,0,0,1,0,0,3420000
תל אביב יפו,הצפון החדש - צפון,גג/פנטהאוז,278,0,5.0,1,1,1,0,1,0,0,1,1,1,15200000
קרית אונו,הותיקה,דו משפחתי,500,280,8.0,1,1,1,1,0,0,1,1,0,1,6950000
קיסריה,,בית פרטי/קוטג',1075,0,8.0,2,1,1,1,0,1,0,1,0,1,14400000
נתניה,צפון מערב מרכז העיר,דירה,110,0,4.0,1,1,1,0,1,1,1,1,1,0,3700000
רחובות,שעריים,דירה,120,0,5.0,1,1,1,1,1,1,1,1,0,1,2850000
פתח תקווה,המרכז השקט / מרכז העיר,דירה,80,0,4.0,0,1,1,1,0,1,0,0,1,1,2050000
נתניה,מרכז העיר דרום,דירה,118,0,4.0,0,1,1,0,1,1,1,1,1,0,2390000
תל אביב יפו,"צמרות איילון, פארק צמרת",דירה,170,0,5.0,1,1,1,1,1,1,0,1,0,1,6850000
ירושלים,גילה,דירה,85,0,4.0,2,1,0,0,0,1,0,0,0,0,2380000
תל אביב יפו,,דירה,106,0,4.0,2,1,0,1,1,0,0,0,0,1,4190000
מזכרת בתיה,בר לב,דירה,114,0,4.0,1,1,1,1,1,0,1,0,0,1,2870000
חיפה,מעונות גאולה,דירה,201,0,6.0,1,1,1,1,1,1,1,1,0,1,4390000
גבעתיים,חברת חשמל,בית פרטי/קוטג',230,250,5.0,0,1,0,1,0,1,0,0,0,1,9300000
רחובות,אחוזת הנשיא,דירה,109,0,5.0,1,1,1,1,1,1,1,1,0,1,3070000
עתלית,השדות,בית פרטי/קוטג',185,150,6.0,1,1,1,1,0,1,0,1,0,0,4180000
חריש,הפרחים,דירה,125,0,5.0,1,1,1,1,1,0,0,1,0,1,1950000
כפר סבא,כפר סבא הירוקה,דירה,127,0,5.0,1,1,1,1,1,1,0,1,0,1,4490000
אשדוד,"רובע ט""ז",דירה,140,0,4.0,1,1,1,1,1,0,0,1,0,1,2680000
תל אביב יפו,"נווה גולן, יפו ג'",דירה,64,0,2.0,1,0,0,0,0,0,0,0,0,0,2100000
תל אביב יפו,"הגוש הגדול, רמת אביב החדשה, נופי ים",דירה,88,0,3.0,1,1,1,1,1,1,1,1,1,1,4100000
מעלות תרשיחא,הזיתים,דו משפחתי,110,70,5.0,3,1,1,1,0,1,0,0,0,0,1850000
שוהם,גבעולים,בית פרטי/קוטג',355,165,6.0,1,1,1,1,0,0,1,0,0,1,4665000
צור משה,צור משה,דירת גן,224,100,5.0,1,1,1,1,0,0,0,0,0,0,3700000
אלומה,אלומה,בית פרטי/קוטג',254,20,8.0,2,1,1,1,0,0,0,0,0,1,3700000
ירושלים,"בית הכרם, רמת בית הכרם",דירת גן,92,100,4.0,1,1,1,1,1,1,1,1,0,1,4300000
נהריה,,גג/פנטהאוז,120,0,5.0,2,1,1,0,1,1,0,1,0,1,2560000
בת ים,"דרום חדש, פארק הים",דירה,109,0,4.0,1,1,1,1,1,0,0,1,1,1,3850000
כפר ורדים,הפרחים,בית פרטי/קוטג',641,393,6.0,2,1,1,1,0,0,0,0,0,1,3300000
מעלה אדומים,מצפה נבו,דירה,115,0,4.0,2,1,0,1,0,1,0,0,0,0,2450000
שדה משה,,בית פרטי/קוטג',800,715,3.0,0,0,0,0,0,0,0,1,0,1,4190000
נתניה,,דירה,80,0,3.0,0,1,1,0,1,1,0,1,1,0,1890000
ראשון לציון,כצנלסון,דירה,85,0,3.0,0,1,1,0,1,1,1,1,0,0,2230000
רמת ישי,שאר העיר,דו משפחתי,146,28,5.0,2,1,1,1,0,0,0,0,0,1,2850000
אשקלון,הסיטי,דירת גן,170,60,5.0,0,1,1,1,1,1,1,1,0,1,2600000
מצליח,מצליח,בית פרטי/קוטג',1500,1102,4.0,1,1,1,1,0,0,0,1,0,1,6950000
מבועים,מבועים,בית פרטי/קוטג',500,360,7.0,2,1,1,1,0,1,0,0,0,1,2950000
תל אביב יפו,הצפון הישן - צפון,דירה,81,0,3.0,0,1,0,1,1,0,0,1,0,0,4750000
תל אביב יפו,המשתלה,דירה,115,0,4.0,1,1,1,1,1,1,0,1,0,1,4580000
נהריה,אריק שרון,דירה,117,0,4.0,1,1,1,1,1,0,0,1,0,1,1850000
חולון,שיכון ותיקים,בית פרטי/קוטג',250,180,3.0,0,0,1,0,0,0,0,1,0,1,3280000
קיסריה,הים,בית פרטי/קוטג',1108,0,9.0,3,1,1,1,1,0,0,1,0,1,10500000
גבעות עדן,,בית פרטי/קוטג',260,120,6.0,0,1,0,1,0,0,0,0,0,0,5400000
באר שבע,נאות לון,בית פרטי/קוטג',250,170,6.0,1,1,1,1,0,1,0,0,0,1,2760000
רעננה,מרכז דרום,דירה,14,0,4.0,1,1,1,1,1,1,0,1,1,1,3730000
בת ים,,דירה,62,0,3.0,1,1,0,1,1,1,0,1,0,0,1720000
קדימה צורן,,בית פרטי/קוטג',240,0,7.0,1,1,1,1,0,0,0,0,0,0,4500000
רעננה,קרית הפרחים - 2005,בית פרטי/קוטג',350,60,9.0,2,1,1,1,0,0,0,0,0,1,8200000
אשדוד,"רובע ט""ז",גג/פנטהאוז,375,0,5.0,1,1,1,1,1,1,0,1,0,1,6500000
ראשון לציון,"רביבים, גני ראשון",גג/פנטהאוז,180,0,5.0,1,1,1,1,1,0,0,1,0,0,3850000
תל אביב יפו,רמת אביב,דירה,71,0,4.0,0,1,0,0,0,1,1,0,0,0,4150000
ירושלים,"בית הכרם, רמת בית הכרם",דופלקס,135,0,6.0,2,1,1,1,1,1,0,1,0,0,5350000
באר שבע,שכונה ט',דירה,123,0,4.0,0,1,1,0,1,1,0,0,1,1,1287000
רמת גן,נגבה,דירה,97,0,4.0,0,1,1,0,0,1,0,0,1,0,2720000
עפרה,עפרה,דירה,154,0,4.0,1,1,1,1,1,0,1,1,0,1,1950000
תל אביב יפו,יפו העתיקה,דירה,80,0,2.0,0,1,0,0,0,1,0,0,0,0,4950000
גבעתיים,בורוכוב,דירה,100,0,4.0,1,1,1,0,1,0,0,1,1,0,3750000
תל אביב יפו,הצפון הישן - צפון,דירה,61,0,3.0,2,1,0,0,1,0,0,1,0,0,2950000
בנימינה גבעת עדה,,דו משפחתי,250,0,5.0,1,1,1,1,0,0,0,0,0,1,3900000
פתח תקווה,,דירה,116,0,4.0,1,0,1,1,1,0,0,1,1,1,2495000
נשר,,דירה,65,0,3.0,1,1,1,1,1,0,0,1,0,0,1320000
תל אביב יפו,"צפון יפו, המושבה האמריקאית-גרמנית",דירה,53,0,3.0,1,1,0,1,1,0,0,0,1,0,3250000
כוכב יאיר / צור יגאל,כוכב יאיר,בית פרטי/קוטג',685,0,7.0,1,1,1,1,0,0,0,0,0,1,6090000
יבנה,נאות שמיר,דירה,91,0,3.0,2,0,1,1,1,1,0,1,0,1,2390000
ראשון לציון,,דירה,120,0,4.0,0,1,0,0,1,0,0,1,0,0,2100000
נתניה,משכנות זבולון,דירה,97,0,4.0,1,1,1,1,1,1,1,1,0,0,2400000
קיסריה,,בית פרטי/קוטג',600,0,6.0,1,0,1,0,0,0,0,0,0,0,6500000
תל אביב יפו,גלילות,תיירות ונופש,58,0,2.0,1,1,0,0,1,1,1,1,1,0,2190000
תל אביב יפו,רמת אביב ג',דירה,120,0,5.0,1,1,1,0,1,0,0,0,1,0,6500000
יבנה,נאות רבין,דירה,144,0,5.0,1,1,1,1,1,1,1,1,0,0,2990000
מצפה רמון,שאר העיר,דירה,102,0,4.0,1,1,0,0,0,0,1,0,1,0,1200000
טירת כרמל,גלי כרמל,דירה,128,0,5.0,1,1,1,1,1,0,0,1,0,1,2600000
רעננה,מרכז דרום,דירה,150,0,4.0,1,1,1,1,1,1,0,0,1,0,3490000
ראשון לציון,"רמז, מערב ותיק",דירה,70,0,3.0,1,0,1,1,1,1,0,0,0,0,1970000
רמת גן,חרוזים,דירה,54,0,3.0,0,1,1,0,0,1,0,0,1,0,2650000
תקוע,תקוע,בית פרטי/קוטג',500,294,7.0,1,1,1,0,0,0,1,0,0,1,5300000
תל אביב יפו,יד אליהו,גג/פנטהאוז,69,0,3.0,1,1,1,1,1,0,0,0,0,0,3490000
אבן יהודה,212 מערב,דו משפחתי,330,0,6.0,3,1,1,1,0,0,0,0,0,0,10200000
תל אביב יפו,הצפון הישן - דרום,בניין מגורים,800,0,0.0,0,0,1,0,0,0,0,0,0,0,41500000
עפולה,מרכז העיר,דירה,175,0,5.0,1,1,1,1,1,1,0,1,0,1,1699000
מודיעין מכבים רעות,שאר העיר,דירה,82,0,3.0,1,1,1,1,1,0,0,1,0,0,2990000
חריש,אבני חן,דירת גן,320,206,5.0,1,1,1,1,1,0,0,1,0,0,2920000
מודיעין מכבים רעות,הנחלים,דירה,120,0,4.0,2,1,1,1,1,0,0,1,0,1,3295000
תל אביב יפו,תל ברוך צפון,דו משפחתי,180,220,6.0,1,1,1,1,0,0,0,0,0,0,7380000
בת ים,ניצנה,דירה,65,0,2.0,0,1,0,0,0,0,0,0,1,0,1500000
אור עקיבא,,דירת גן,100,80,4.0,0,1,1,1,1,0,0,1,0,0,2300000
אור יהודה,קרית גיורא,דירה,93,0,4.0,0,1,0,0,0,1,0,0,0,0,2100000
קרית גת,הפרחים,דירה,94,0,3.0,1,1,1,1,1,1,0,1,0,1,1499900
פרדס חנה כרכור,נווה פרדסים,דירת גן,171,180,5.0,2,1,1,1,1,0,0,1,0,1,3180000
חדרה,גבעת אולגה,דו משפחתי,330,330,5.0,0,1,1,1,0,0,0,1,0,1,7900000
נתניה,מרכז העיר דרום,גג/פנטהאוז,240,0,7.0,2,1,1,0,1,0,0,1,1,1,3950000
באר שבע,נווה נוי,בית פרטי/קוטג',250,80,5.0,1,1,1,1,0,0,1,1,0,1,2380000
רעננה,שיכון אשר,בית פרטי/קוטג',356,200,5.0,2,1,1,1,0,0,0,0,0,1,10950000
ערד,מעוף,דו משפחתי,164,45,5.0,1,1,1,0,0,1,0,1,0,0,1800000
ירושלים,קרית היובל,דירה,85,0,2.0,1,1,1,1,1,0,0,1,1,0,1980000000
קיסריה,,בית פרטי/קוטג',1000,0,5.0,2,0,1,0,0,0,0,0,0,0,10800000
אור עקיבא,אור ים,דירה,122,0,5.0,1,1,1,1,1,0,0,1,0,1,2440000
אור עקיבא,"נוף ים - מע""ר",דירה,135,0,5.0,1,1,1,1,1,0,0,1,0,0,2620000
תל אביב יפו,"לב תל אביב, לב העיר צפון",דירה,67,0,3.0,1,1,0,1,1,1,0,1,1,0,4800000
תל אביב יפו,הצפון הישן - צפון,דירה,98,0,3.0,0,1,1,0,0,0,0,0,1,0,5180000
תל אביב יפו,"צמרות איילון, פארק צמרת",דירה,145,0,4.0,1,1,1,1,1,1,1,1,0,1,8500000
ראשון לציון,קרית ראשון,דירה,100,0,4.0,2,1,1,0,1,0,0,1,0,0,2680000
חדרה,גבעת אולגה,דירה,140,0,4.0,1,1,1,1,1,1,0,1,0,1,3250000
קצרין,בתרא,דו משפחתי,100,30,3.0,0,1,1,0,0,1,0,0,0,0,1100000
קיסריה,הפרחים,בית פרטי/קוטג',1500,0,10.0,2,1,1,1,0,1,1,0,0,1,23000000
קדימה צורן,רמת אמיר,דופלקס,273,0,5.0,3,1,1,1,1,1,1,1,0,0,4190000
נהריה,עין שרה,דירה,120,0,4.0,1,1,1,1,1,0,0,1,0,1,1590000
קרית מלאכי,"כרמי הנדיב, אחוזת רוטנר",דירה,108,0,4.0,1,0,1,1,1,0,0,1,0,1,1950000
גבעתיים,גבעת הרמבם,דירה,60,0,2.0,0,1,0,0,0,1,0,0,1,0,2290000
ירושלים,ארנונה,טריפלקס,200,0,6.0,2,0,1,1,0,0,0,0,0,1,7500000
באר יעקב,פארק המושבה,דירה,150,0,5.0,2,1,1,1,1,1,0,1,1,1,3330000
רחובות,אבן גבירול,דירה,117,0,4.0,1,1,1,1,1,1,1,0,0,0,2550000
לוד,אלישיב,דירה,117,0,5.0,1,1,1,1,1,1,1,1,0,1,1930000
תל אביב יפו,נאות אפקה ב',טריפלקס,180,0,6.0,0,1,0,0,1,0,0,0,0,1,5390000
תל אביב יפו,נווה צדק,בית פרטי/קוטג',350,80,8.0,1,1,1,0,1,0,0,1,0,1,26250000
תל אביב יפו,בבלי,גג/פנטהאוז,236,0,5.0,2,1,1,0,1,1,0,1,1,1,17000000
הוד השרון,מתחם 11,בית פרטי/קוטג',276,120,6.0,2,0,1,1,0,0,0,0,0,0,6480000
רחובות,רחובות ההולנדית,דירה,98,0,4.0,2,1,1,1,1,1,1,1,1,1,2590000
חיפה,רמת חן,בית פרטי/קוטג',210,90,4.0,2,1,1,1,1,1,0,1,0,1,2575000
גבעתיים,שינקין,דירה,104,0,5.0,0,1,0,0,0,1,1,0,1,0,3170000
תל אביב יפו,"גני צהלה, רמות צהלה",גג/פנטהאוז,140,0,5.0,0,1,1,0,0,0,0,0,1,0,6800000
תל אביב יפו,"שיכון דן, נווה דן",דירה,134,0,4.0,1,0,1,1,1,1,0,1,0,0,5960000
תל אביב יפו,הצפון הישן - דרום,דירה,87,0,3.0,2,1,0,0,0,0,0,0,0,0,5100000
קיסריה,,בית פרטי/קוטג',1150,0,6.0,1,1,1,1,0,1,1,1,0,1,13500000
ירושלים,"בית הכרם, רמת בית הכרם",דירת גן,100,0,4.0,1,1,1,1,1,1,0,1,0,0,4850000
פתח תקווה,הדר המושבות החדשה / אם המושבות החדשה,דירה,105,0,4.0,1,1,1,1,1,1,0,1,0,0,2930000
אורנית,אורנית,דו משפחתי,400,300,5.0,1,1,1,1,0,1,0,0,0,0,4630000
אשקלון,אפרידר,דו משפחתי,400,200,6.0,2,1,1,1,0,1,1,1,0,1,5600000
אשקלון,ברנע,דירה,134,0,5.0,1,1,1,1,1,0,0,1,0,0,2180000
גבעתיים,פועלי הרכבת,דירה,125,0,5.0,0,1,0,0,0,0,0,0,1,1,3970000
הרצליה,הרצליה פיתוח,בית פרטי/קוטג',200,515,6.0,2,0,1,0,0,0,0,0,0,0,11900000
תל אביב יפו,"צהלון, שיכוני חסכון",דירה,58,0,2.0,1,1,0,0,0,1,1,0,0,0,3520000
סביון,,בית פרטי/קוטג',2000,0,5.0,2,1,1,0,0,0,0,0,0,1,14200000
קרית ים,קרית ים ב',דירה,70,0,4.0,0,1,0,0,0,0,0,0,0,0,1030000
קרית מוצקין,משכנות האומנים,דירת גן,135,250,5.0,1,1,1,1,1,1,0,1,0,1,3290000
קיסריה,המעוף,בית פרטי/קוטג',1050,1050,6.0,1,1,1,1,0,1,1,0,0,1,11000000
כפר סבא,,גג/פנטהאוז,176,0,5.0,1,1,1,0,1,0,0,1,0,0,4650000
הוד השרון,מתחם 1200,דירה,145,0,5.0,1,1,1,1,1,0,0,1,0,1,4120000
הוד השרון,מגדיאל,מחסן,12,0,1.0,0,0,0,0,0,0,0,0,0,0,295000
נהריה,"עיר, מרכז העיר",דירה,105,0,4.0,0,1,1,0,1,1,1,1,1,1,1340000
נס ציונה,מרכז מזרחי,דירה,123,0,5.0,1,1,1,1,1,0,0,1,1,0,2800000
באר שבע,שכונה ד',דירה,60,0,3.0,0,1,1,0,0,1,0,0,1,0,777000
בת ים,עצמאות יוספטל,דירה,110,0,4.0,1,1,1,0,1,1,1,0,1,0,4500000
חריש,אבני חן,דירה,126,0,4.0,1,1,1,1,1,0,0,0,0,1,1580000
תל אביב יפו,הצפון הישן - צפון,דירה,65,0,2.0,2,1,0,0,0,0,0,0,0,0,4750000
רמת השרון,אלון,גג/פנטהאוז,133,0,4.0,1,1,1,0,0,0,0,0,1,0,3890000
רמת גן,נחלת גנים,דירה,76,0,3.0,1,1,1,1,1,0,1,0,0,0,2700000
נתניה,קרית השרון,דירה,127,0,5.0,1,1,1,1,1,1,0,0,0,0,2950000
חיפה,נווה יוסף,דירה,140,0,5.0,2,1,1,1,0,1,0,0,0,1,1700000
תל אביב יפו,"גני שרונה, קרית הממשלה",גג/פנטהאוז,71,0,3.0,1,1,1,1,1,1,0,1,1,0,6530000
ירושלים,רמת דניה,דירה,91,0,3.0,1,1,1,1,1,1,0,1,0,1,3500000
ערד,נעורים,דירה,76,0,3.0,0,1,0,0,0,0,1,0,1,0,630000
עתלית,הגפן,דו משפחתי,275,185,6.0,0,1,1,1,0,0,0,0,0,0,4000000
ירושלים,"בית הכרם, רמת בית הכרם",דירת גן,100,105,4.0,2,1,1,1,1,1,0,1,0,1,4950000
הרצליה,מרכז,גג/פנטהאוז,200,0,6.0,3,1,1,0,1,1,0,0,0,0,4900000
חיפה,רמת בגין,דירה,95,0,4.0,0,1,1,0,0,1,0,0,1,1,1950000
בת ים,עמידר,דירה,60,0,3.0,0,0,0,1,1,1,0,1,1,0,1450000
אשקלון,אפרידר,בית פרטי/קוטג',640,500,4.0,3,0,1,0,0,0,0,0,0,1,5000000
רמת גן,שכונת הלל,דירה,102,0,4.0,1,1,0,1,1,0,0,0,0,0,3490000
הרצליה,"הרצליה הירוקה, נווה עובד",גג/פנטהאוז,128,0,4.0,2,1,1,1,1,1,1,1,0,1,6555000
אשקלון,אפרידר,דירה,115,0,4.0,1,1,1,1,1,1,0,1,0,0,1900000
קרית טבעון,רמת טבעון,בית פרטי/קוטג',123,70,4.0,1,1,0,1,0,0,0,0,0,0,2700000
רעננה,לב הפארק,דופלקס,245,0,6.0,1,1,1,1,1,1,0,1,0,1,5350000
קרית אתא,אברמסקי,גג/פנטהאוז,150,0,4.0,2,1,1,1,1,0,0,1,0,1,2500000
קרית ביאליק,"מרכז העיר, סביניה, הוותיקה",דירה,65,0,3.0,0,1,0,0,0,0,1,0,1,0,980000
רמת גן,,דירה,127,0,4.0,1,1,1,1,1,1,0,1,0,0,3600000
אילת,"האבות, שחמון, רובע 10",דירה,95,0,4.0,1,1,1,1,1,1,0,0,0,1,2120000
קיסריה,,בית פרטי/קוטג',600,0,5.0,0,0,0,0,0,0,0,0,0,0,9400000
תל אביב יפו,"מונטיפיורי, הרכבת",דירה,80,0,2.0,1,1,0,1,1,1,0,1,0,1,3990000
אשקלון,ברנע,דירה,122,0,4.0,1,1,1,1,1,0,0,1,0,0,1830000
פתח תקווה,נווה גן,דירה,130,0,5.0,1,1,1,1,1,1,0,1,0,1,3530000
חיפה,גבעת זמר,דירה,110,0,4.0,1,1,1,1,1,0,0,1,0,0,2590000
רמת גן,חרוזים,דירה,58,0,2.0,1,1,1,1,1,0,0,1,0,0,2700000
אור עקיבא,,גג/פנטהאוז,97,0,3.0,1,1,1,1,1,0,0,0,1,0,1960000
חיפה,רמת התשבי,גג/פנטהאוז,230,0,4.0,2,1,1,1,1,0,0,1,0,1,6000000
גן יבנה,המושבה הגרמנית,בית פרטי/קוטג',90,60,3.0,0,1,1,1,0,0,0,0,0,0,2630000
תל אביב יפו,"צמרות איילון, פארק צמרת",דירה,100,0,3.0,1,1,1,1,1,1,1,1,0,1,5900000
תל אביב יפו,רמת החייל,דירת גן,140,50,3.0,2,1,0,0,0,0,0,0,0,1,4200000
תל אביב יפו,הצפון החדש - כיכר המדינה,דירה,118,0,4.0,0,1,1,0,1,0,0,1,0,0,6500000
פתח תקווה,אחדות,דירת גן,100,48,4.0,2,1,1,1,1,1,0,1,0,0,2400000
ירושלים,תלפיות,דירה,76,0,4.0,1,1,0,0,0,1,0,0,1,0,2450000
נתניה,מרכז העיר דרום,דופלקס,126,0,5.0,1,1,1,0,1,0,0,0,1,0,2940000
תל אביב יפו,"צהלון, שיכוני חסכון",דירה,50,0,2.0,1,1,0,0,0,1,0,0,0,0,2200000
אשקלון,נווה הדרים,דירה,127,0,5.0,2,1,1,1,1,0,0,1,0,0,2050000
תל אביב יפו,הצפון החדש - צפון,בית פרטי/קוטג',300,120,6.0,3,1,1,1,1,1,0,1,0,1,25000000
תל אביב יפו,,גג/פנטהאוז,101,0,4.0,1,1,1,1,1,1,1,1,1,1,7700000
תל אביב יפו,,דירה,135,0,5.0,1,1,1,1,1,1,0,1,1,1,9000000
רמת גן,"מרום נוה, רמת יצחק",דירה,131,0,5.0,1,1,1,1,1,1,0,1,0,1,3700000
יבנה,נאות בן גוריון,דירת גן,220,110,5.0,0,0,0,1,1,1,0,1,0,0,2950000
תל אביב יפו,נווה שאנן,דירה,80,0,2.0,3,1,0,0,0,1,0,0,1,0,2370000
באר שבע,שכונה ה',דירה,96,0,4.0,0,1,0,0,0,1,0,0,1,0,920000
חיפה,כרמל מערבי,דירה,100,0,4.0,1,1,1,0,0,0,0,0,0,0,2100000
בת ים,לב העיר,דירה,60,0,2.0,0,1,0,0,1,0,0,0,1,0,1640000
ראש העין,נופרים,דירה,130,0,5.0,1,1,1,1,1,0,0,1,1,1,2800000
רמת גן,,דירה,95,0,3.0,1,0,1,0,1,0,0,0,0,0,2700000
תל אביב יפו,הצפון החדש - כיכר המדינה,גג/פנטהאוז,233,0,6.0,2,1,1,1,1,1,0,1,1,1,24000000
ירושלים,"בית הכרם, רמת בית הכרם",דופלקס,127,0,5.0,1,1,1,1,1,1,0,0,0,1,5500000
נצרת עילית / נוף הגליל,,דירה,132,0,5.0,1,0,1,1,0,1,0,1,0,1,2250000
ראשון לציון,"רמב""ם",דירה,152,0,4.0,1,1,1,1,1,0,0,1,0,1,3100000
תל אביב יפו,"תכנית ל', למד",דירה,125,0,5.0,1,0,1,1,1,0,0,0,1,0,3500000
ראשון לציון,,גג/פנטהאוז,200,0,4.0,1,1,1,0,1,0,0,1,0,1,2840000
נתיבות,קרית מנחם בגין,דירה,100,0,4.0,1,1,1,1,1,1,0,0,0,0,1180000
חולתה,,בית פרטי/קוטג',260,0,4.0,3,1,0,1,0,0,0,0,0,1,3850000
מזכרת בתיה,נאות יצחק רבין,בית פרטי/קוטג',316,100,7.0,1,1,1,1,0,1,0,0,0,1,5280000
קיסריה,,בית פרטי/קוטג',1260,0,6.0,2,1,1,1,0,0,1,1,0,1,18000000
ירושלים,רמת שלמה,דירה,137,0,5.0,1,0,1,1,1,0,0,0,0,1,3700000
קציר,קציר,בית פרטי/קוטג',400,400,6.0,3,1,1,1,0,0,1,1,0,1,3800000
אשדוד,רובע ד',דירה,144,0,5.0,1,1,0,0,0,0,0,0,1,1,2500000
הרצליה,נווה ישראל,דירה,160,0,6.0,1,1,1,1,0,0,0,1,0,0,5490000
פתח תקווה,הדר המושבות החדשה / אם המושבות החדשה,דירה,130,0,5.0,1,1,1,1,1,0,0,1,0,1,3450000
נתיבות,נווה שרון / שער העיר,דירה,100,0,4.0,1,1,1,1,1,1,0,1,0,1,1375000
רמת גן,בורסה,דירה,49,0,2.0,0,1,0,1,1,0,1,0,0,0,2180000
חיפה,קרית חיים מזרחית,בית פרטי/קוטג',220,20,8.0,1,1,1,1,0,0,0,0,0,0,2300000
רחובות,רחובות הצעירה,דירה,104,0,4.0,1,1,1,1,1,1,1,1,0,0,2620000
חדרה,,דירה,145,0,5.0,1,1,1,1,1,0,0,1,0,1,2350000
כפר יונה,יפה נוף,דירה,135,0,5.0,1,1,1,1,1,0,0,0,0,1,3600000
נהריה,"עיר, מרכז העיר",דירה,115,0,4.0,2,1,1,1,1,1,1,1,0,1,2250000
ניצן,ניצן,בית פרטי/קוטג',500,150,9.0,3,1,1,1,0,1,0,1,0,0,5800000
טירת כרמל,כלניות,דירה,70,0,3.0,0,1,0,0,0,1,1,0,1,1,1350000
תל אביב יפו,"גני צהלה, רמות צהלה",דירת גן,70,20,3.0,1,1,1,1,1,0,0,1,0,0,3750000
רעננה,מרכז דרום,דירה,132,0,5.0,1,1,1,1,1,1,1,1,0,1,3280000
תל אביב יפו,"צמרות איילון, פארק צמרת",דירה,134,0,5.0,1,1,1,1,1,1,1,1,0,1,6400000
תל אביב יפו,,דירה,279,0,4.0,2,0,1,0,1,1,0,0,0,1,13250000
ירושלים,"בית הכרם, רמת בית הכרם",דירה,136,0,5.0,2,1,1,0,0,0,0,0,0,0,5200000
נתניה,נווה איתמר,דירה,108,0,4.0,1,0,1,1,1,1,0,0,0,0,2300000
קיסריה,,דו משפחתי,500,0,5.0,1,1,1,0,0,0,0,0,0,0,7400000
נהריה,"עיר, מרכז העיר",דירה,110,0,4.0,2,1,1,1,1,0,0,1,0,1,1700000
ראשון לציון,"רמב""ם",גג/פנטהאוז,300,0,5.0,1,1,1,1,1,0,1,0,0,1,3950000
נתיבות,נווה נוי,דירת גן,324,180,5.0,1,1,1,1,1,1,0,1,0,1,2200000
פתח תקווה,כפר גנים ב,דירה,116,0,4.0,1,1,1,1,1,1,0,1,1,0,2550000
טירת כרמל,גלי כרמל,דירה,141,0,5.0,1,1,1,1,1,1,0,1,0,1,2090000
לוד,אחיסמך,דירה,125,0,5.0,0,1,0,1,1,0,1,1,0,1,2650000
אופקים,חורשת נח,בית פרטי/קוטג',320,146,6.0,0,0,1,1,0,0,0,1,0,1,2800000
מעלה אדומים,מגדים,דירה,110,0,4.0,2,1,1,1,0,1,0,0,0,0,2350000
סעד,,בית פרטי/קוטג',628,461,5.0,2,1,1,1,0,0,1,0,0,0,5100000
תל אביב יפו,רמת אביב,גג/פנטהאוז,215,0,5.0,1,0,1,0,0,0,0,0,0,0,11500000
תל אביב יפו,,דירה,78,0,3.0,1,1,1,1,1,1,0,0,0,1,3300000
לוד,אחיסמך,דירה,100,0,4.0,2,1,1,1,1,1,0,0,0,0,2200000
כפר יונה,שאר העיר,בית פרטי/קוטג',380,380,6.0,0,1,1,1,0,1,1,0,0,1,4750000
תל אביב יפו,הצפון החדש - צפון,דירה,63,0,2.0,1,1,1,0,1,0,0,1,0,0,3700000
תל אביב יפו,הדר יוסף,דירת גן,203,118,6.0,0,1,0,1,0,0,0,1,0,1,7780000
נתיבות,נווה שרון / שער העיר,דירה,110,0,4.0,1,1,1,1,1,0,0,1,0,1,1420000
קרית ביאליק,ביאליק דרום,דירה,46,0,2.0,0,1,0,0,0,1,0,0,0,0,950000
תל אביב יפו,הצפון הישן - צפון,דירה,130,0,4.0,0,1,0,0,0,1,0,0,1,0,5700000
באר שבע,שכונה א',דירה,105,0,4.0,0,1,0,0,0,1,1,0,1,1,990000
שדרות,הכלניות,דירה,122,0,4.0,1,1,1,1,1,0,0,0,1,0,1520000
רמת גן,"שכונת יהלום, מרכז העיר ב",דירת גן,60,50,3.0,1,1,1,1,1,1,1,0,0,0,3300000
חיפה,יזרעאליה,דירה,56,0,2.0,0,0,0,0,0,0,0,0,0,0,1050000
תל אביב יפו,תל ברוך,בית פרטי/קוטג',610,120,5.0,0,1,1,0,0,0,0,1,0,1,16500000
רמת גן,"שכונת בן גוריון, מרכז העיר ג'",דירה,132,0,5.0,1,1,1,1,1,1,0,1,0,0,4152000
כפר סבא,כפר סבא הירוקה,דופלקס,110,0,4.0,2,1,1,1,1,0,0,0,1,1,3590000
הרצליה,מרכז,דירה,110,0,4.0,1,1,1,1,1,0,0,1,0,0,3990000
חולון,ח-501,דירה,100,0,4.0,1,1,1,1,1,1,1,1,1,0,2950000
הרצליה,מרכז,גג/פנטהאוז,200,0,5.0,1,1,1,0,1,0,0,0,1,1,4950000
קרית מוצקין,משכנות האומנים,דירה,158,0,5.0,1,1,1,1,1,1,1,1,0,1,2870000
רמת השרון,,גג/פנטהאוז,133,0,5.0,1,1,1,1,1,1,0,1,0,1,5850000
תל אביב יפו,הצפון הישן - דרום,דירה,59,0,3.0,0,1,0,0,0,1,0,0,1,0,3750000
פרדס חנה כרכור,נווה פרדסים,בית פרטי/קוטג',240,50,6.0,2,1,1,1,0,1,1,1,0,1,3350000
ראשון לציון,אברמוביץ',דירה,106,0,4.0,1,0,1,1,1,0,0,1,1,0,2520000
באר שבע,נאות לון,בית פרטי/קוטג',350,250,6.0,1,1,1,0,0,1,1,0,0,0,2700000
קרית אונו,המרכז,דירה,120,0,5.0,1,1,0,1,1,1,0,1,0,0,2990000
תל מונד,,דירה,105,0,4.0,1,1,1,1,1,0,0,1,0,1,3700000
גדרה,גדרה הצעירה,דירה,130,0,4.0,1,1,1,1,1,1,1,1,0,1,2650000
באר יעקב,חתני פרס ישראל,דירה,134,0,4.0,1,1,1,1,1,1,1,1,0,1,2750000
כפר סבא,הזמר העברי,דירה,161,0,6.0,1,1,1,1,1,1,0,1,0,1,4850000
ירושלים,קרית הלאום,דירה,65,0,3.0,1,1,1,1,1,1,0,1,0,1,2700000
תל אביב יפו,הצפון הישן - צפון,דירה,79,0,3.0,0,0,0,0,0,0,0,0,1,0,3970000
חיפה,קרית שמואל,דירת גן,100,0,4.0,0,1,0,1,0,1,0,0,0,1,2150000
תל אביב יפו,גלילות,יחידת דיור,29,0,1.0,1,1,0,1,1,0,0,1,0,0,1940000
ירושלים,עיר גנים,דירת גן,91,35,4.0,0,0,0,0,0,0,0,1,0,1,2210000
ראשון לציון,אברמוביץ',דירה,70,0,2.0,1,1,0,0,0,1,0,0,0,0,1790000
ראשון לציון,נחלת יהודה,דירה,138,0,4.0,1,1,1,1,1,1,1,1,1,0,3180000
זכרון יעקב,חלומות זכרון,דופלקס,165,0,5.0,2,1,1,1,1,1,0,1,0,1,3530000
חיפה,שער העליה,דירה,76,0,3.0,0,1,0,0,1,1,1,1,0,1,1590000
קדימה צורן,שאר העיר,דופלקס,152,0,5.0,2,1,1,1,0,1,0,1,0,1,3350000
כפר יונה,שרונה,דו משפחתי,270,150,7.0,0,1,1,1,0,0,0,0,0,0,5200000
חיפה,"מת""מ, נאות פרס",גג/פנטהאוז,150,0,5.0,1,1,1,1,1,1,1,1,0,1,3420000
חיפה,אחוזה,דירה,84,0,2.0,1,0,0,0,0,0,0,0,0,0,1970000
תל אביב יפו,המשתלה,דירה,74,0,3.0,1,1,1,1,1,1,0,1,0,1,3930000
תל אביב יפו,נווה אביבים,דירה,130,0,5.0,2,1,1,0,1,0,0,1,1,0,6700000
רעננה,קרית אליהו גולומב,בית פרטי/קוטג',320,150,8.0,2,1,0,1,0,0,0,0,0,1,13900000
כפר סבא,כפר סבא הירוקה,דירה,105,0,3.0,1,1,1,1,1,0,0,1,1,1,2880000
רמת גן,תל יהודה,דירה,76,0,3.0,1,0,1,1,1,0,0,1,0,0,2800000
תל אביב יפו,רמת אביב ג',דירה,135,0,5.0,0,1,1,0,1,0,0,1,1,0,6200000
תל אביב יפו,,דירה,228,0,6.0,2,1,1,1,1,0,1,0,0,1,14000000
לוד,אחיסמך,דירה,85,0,3.0,1,1,0,1,1,0,0,1,0,0,1670000
חיפה,קרית חיים מערבית,דירה,75,0,3.0,0,1,0,0,0,0,1,1,0,0,890000
הוד השרון,רמתיים,בית פרטי/קוטג',330,0,7.0,1,1,1,1,0,0,0,1,0,1,10900000
זכרון יעקב,,בית פרטי/קוטג',398,300,5.0,1,1,1,1,0,0,0,1,0,0,4250000
ראשון לציון,,גג/פנטהאוז,195,0,5.0,1,1,1,1,1,1,0,1,0,1,5700000
טבריה,,דירה,120,0,4.0,1,0,1,1,1,0,0,0,0,0,1299998
תל אביב יפו,הצפון החדש - כיכר המדינה,דירה,95,0,4.0,1,1,1,1,1,1,0,1,1,0,6300000
עכו,נווה יוני נתניהו,דופלקס,150,0,5.0,1,1,1,0,0,0,0,0,0,1,1500000
תל אביב יפו,פלורנטין,דירה,50,0,2.0,1,1,1,1,1,1,0,1,0,0,3600000
גן יבנה,,בית פרטי/קוטג',310,150,5.0,1,1,1,1,0,1,0,1,0,1,3060000
מזכרת בתיה,,בית פרטי/קוטג',200,80,5.0,2,1,1,1,0,1,0,0,0,1,4100000
רמת גן,עליות,דירה,50,0,2.0,0,0,0,0,0,0,0,0,0,0,1990000
תל אביב יפו,נאות אפקה ב',דירה,120,0,5.0,0,1,1,0,1,0,0,1,1,0,4390000
רמת גן,תל יהודה,דירה,91,0,4.0,1,0,1,1,1,0,0,1,0,0,3550000
חדרה,מרכז העיר,דירה,150,0,5.0,1,1,1,1,1,1,0,0,1,0,2299000
חיפה,רמת בגין,דירה,135,0,5.0,1,1,1,0,0,1,0,0,0,0,3100000
תל אביב יפו,נווה צדק,גג/פנטהאוז,127,0,4.0,1,1,1,0,0,0,0,0,0,0,7590000
יבנה,נאות בן גוריון,דירה,92,0,4.0,0,1,0,0,1,1,1,1,0,0,2050000
חולון,קרית אילון,דירה,135,0,6.0,1,1,1,1,1,1,0,1,1,1,3650000
מודיעין מכבים רעות,,גג/פנטהאוז,135,0,5.0,2,1,1,1,1,0,0,1,0,1,4490000
הוד השרון,גיל עמל,דירה,112,0,4.0,1,1,1,1,1,0,0,1,0,1,3050000
מגדים,,בית פרטי/קוטג',600,400,7.0,1,1,1,1,0,0,0,1,0,1,8500000
אילת,"שבטי ישראל, שחמון, רובע 7",בית פרטי/קוטג',240,70,6.0,3,1,1,1,0,1,0,0,0,1,3170000
בנימינה גבעת עדה,,בית פרטי/קוטג',491,0,5.0,0,1,1,0,0,0,1,0,0,0,4000000
פתח תקווה,כפר גנים ג,דירה,158,0,6.0,1,1,1,1,1,1,1,1,1,1,4700000
רמת גן,שכונת גפן,דירה,95,0,5.0,0,0,0,0,0,0,0,0,1,0,2900000
תל אביב יפו,"תכנית ל', למד",דירה,110,0,4.0,0,1,1,0,1,1,0,1,0,0,5950000
ראשון לציון,האירוס,דירה,125,0,5.0,1,1,1,1,1,0,0,1,0,1,3790000
נתיבות,נווה שרון / שער העיר,דירה,120,0,0.0,1,1,1,1,1,0,0,0,0,1,1380000
אשדוד,"רובע הקריה, הסיטי",דירה,165,0,4.0,1,1,1,1,1,1,1,1,0,0,2700000
מודיעין מכבים רעות,נופים,דירה,145,0,4.0,1,1,1,1,1,1,0,1,0,1,3225000
קרית ים,סביוני ים,דירת גן,250,130,5.0,0,1,1,1,1,0,0,1,0,1,2400000
חולון,קרית שרת מערב,גג/פנטהאוז,210,0,5.0,1,0,1,1,1,0,0,0,0,0,3400000
באר שבע,"שכונה י""א",דירה,73,0,3.0,0,1,0,0,0,0,0,0,0,0,719000
בית שמש,רמת הנחלים / רמת בית שמש א',דירה,90,0,4.0,2,1,1,0,1,1,0,1,0,1,1990000
להבים,שאר העיר,בית פרטי/קוטג',591,0,6.0,1,1,1,1,0,0,1,1,0,1,9000000
קיסריה,,בית פרטי/קוטג',320,0,5.0,1,1,1,1,0,0,0,1,0,1,5500000
חריש,הפרחים,דירה,118,0,5.0,1,0,1,1,1,0,0,1,0,1,1890000
ירושלים,קטמונים,דירה,78,0,3.0,1,1,1,1,1,1,0,1,1,1,2000000
טירת כרמל,החותרים,דירה,182,0,5.0,1,1,1,1,1,1,1,1,0,1,2650000
הרצליה,מרכז,דירה,122,0,4.0,1,1,1,1,1,0,0,1,1,1,4280000
תל אביב יפו,,דירה,70,0,3.0,0,1,0,1,1,0,0,1,0,0,4350000
באר שבע,מרכז אזרחי,דירה,80,0,4.0,1,1,1,0,0,1,1,0,0,0,1250000
תל אביב יפו,"לב תל אביב, לב העיר צפון",דירה,82,0,2.0,1,1,0,1,0,1,1,1,1,1,3840000
ראשון לציון,"רמז, מערב ותיק",דירה,73,0,3.0,0,1,1,0,1,0,0,1,1,0,1920000
תל אביב יפו,"לב תל אביב, לב העיר צפון",דירה,98,0,4.0,0,1,1,0,1,1,1,1,0,0,5500000
ראשון לציון,נווה חוף,דירה,115,0,4.0,1,1,1,0,1,1,0,0,0,0,2800000
דימונה,,דירה,98,0,4.0,0,0,0,0,0,0,0,0,0,0,1025000
תל אביב יפו,הצפון הישן - צפון,דירה,65,0,2.0,0,1,1,0,0,0,0,0,1,0,4500000
תל אביב יפו,בבלי,דירה,93,0,4.0,0,1,1,0,1,1,0,1,1,0,5300000
הרצליה,הרצליה פיתוח,בית פרטי/קוטג',420,490,7.0,0,1,0,1,0,1,0,1,0,1,24000000
רמת גן,"שכונת בן גוריון, מרכז העיר ג'",דירה,90,0,4.0,1,1,0,1,1,0,0,1,0,0,2850000
ירושלים,ארנונה,דירה,105,0,4.0,2,1,1,1,1,0,0,0,0,1,3500000
פתח תקווה,עין גנים,דירה,65,0,3.0,1,1,1,0,0,1,1,0,1,0,1750000
כמון,כמון,בית פרטי/קוטג',500,360,5.0,0,1,1,1,0,0,0,0,0,0,3100000
נתיבות,,דירת גן,280,150,5.0,1,1,1,1,1,1,1,1,0,1,2350000
סביון,,בית פרטי/קוטג',1330,1330,8.0,1,0,1,0,0,0,0,0,0,1,13900000
חיפה,בת גלים,גג/פנטהאוז,125,0,4.0,1,1,0,1,1,0,0,0,0,1,4400000
תל אביב יפו,"הגוש הגדול, רמת אביב החדשה, נופי ים",גג/פנטהאוז,200,0,5.0,2,1,1,1,1,1,0,1,1,1,9300000
רמת גן,אזור הבילויים,דירה,88,0,3.0,1,1,1,1,1,1,0,0,1,0,2920000
בית שמש,רמת אבי עזרי / רמת בית שמש ג-1,דירת גן,169,45,5.0,2,1,1,1,1,0,0,1,0,1,2750000
חריש,אבני חן,דירת גן,195,40,5.0,2,1,1,1,1,0,0,1,0,1,2235000
קרית אונו,"פרדס רייספלד, קרית אונו החדשה",דירה,140,0,4.0,1,1,1,1,0,1,1,1,0,1,4350000
ירושלים,"בית הכרם, רמת בית הכרם",דירה,65,0,3.0,1,1,1,1,1,1,0,1,0,1,2900000
קיסריה,,בית פרטי/קוטג',1300,0,6.0,1,0,1,0,0,0,0,0,0,0,10000000
חולון,קרית שרת מערב,גג/פנטהאוז,280,0,5.0,2,1,1,1,1,0,0,0,1,0,3750000
ירושלים,הר נוף,דירה,90,0,4.0,0,0,1,0,1,0,0,0,0,1,3100000
רמלה,נווה יהונתן,בית פרטי/קוטג',258,80,5.0,1,1,1,1,0,0,0,0,0,0,3150000
ירושלים,"חומת שמואל, הר חומה",דירת גן,358,228,5.0,1,1,1,1,1,0,0,1,0,1,3820000
תל אביב יפו,"לב תל אביב, לב העיר צפון",גג/פנטהאוז,126,0,4.0,2,1,0,1,1,1,0,0,1,0,6700000
רחובות,אבן גבירול,גג/פנטהאוז,300,0,4.0,2,1,1,1,1,1,1,1,0,1,4525000
ראשון לציון,קרית גנים,דירה,82,0,3.0,1,1,1,0,1,1,1,1,1,0,2200000
ראש העין,פסגות אפק,דירה,141,0,5.0,2,1,1,1,1,1,0,1,0,1,2590000
הוד השרון,מגדיאל,דירה,100,0,4.0,2,1,1,1,1,1,1,1,1,1,3350000
חריש,אבני חן,דירה,117,0,5.0,1,1,1,1,1,1,1,1,0,1,1720000
תל אביב יפו,הצפון הישן - צפון,דירה,70,0,3.0,1,1,0,0,0,1,0,0,1,0,3800000
עכו,נווה אלון,דירה,100,0,4.0,0,1,1,0,0,0,0,0,1,1,1130000
תל אביב יפו,בבלי,דירה,170,0,5.0,1,1,1,1,1,0,0,0,1,1,10690000
בית שמש,גבעת שרת,בית פרטי/קוטג',240,0,7.0,2,1,1,1,0,1,0,0,0,1,4700000
נהריה,"עיר, מרכז העיר",דירה,154,0,4.0,0,1,1,0,1,1,0,1,0,1,1480000
גבעתיים,סיטי,דירה,132,0,5.0,1,1,1,1,1,1,0,1,0,1,5400000
חדרה,ברנדייס,בית פרטי/קוטג',400,240,4.0,1,1,1,1,0,1,0,1,0,1,5200000
ירושלים,"ארמון הנציב, תלפיות מזרח",דירה,63,0,3.0,0,0,0,0,0,0,0,0,0,0,1750000
תל אביב יפו,הצפון החדש - דרום,דירה,80,0,3.0,1,1,1,1,1,1,0,1,1,0,5950000
רחובות,א' / צפון מזרח העיר,דירה,140,0,5.0,1,1,1,0,1,0,1,1,1,0,2899996
ראשון לציון,"רמב""ם",דירה,138,0,5.0,1,1,1,1,1,0,0,1,1,0,3355500
נתניה,עיר ימים,דירה,146,0,5.0,1,1,1,1,1,1,1,1,0,1,4180000
בת ים,דרום מערב ותיק,דירה,113,0,4.0,0,1,1,0,1,1,1,0,1,1,2850000
רמת גן,שכונת הראשונים,דירה,74,0,3.0,1,1,1,1,1,1,0,1,0,0,3100000
רעננה,לסטר/רבוצקי,בית פרטי/קוטג',410,50,8.0,3,1,1,1,0,1,0,0,0,0,7950000
קצרין,רובע 10 חן,בית פרטי/קוטג',308,175,5.0,1,1,1,1,0,1,0,0,0,1,2250000
רמת גן,"שכונת יהלום, מרכז העיר ב",דירה,77,0,3.0,1,1,1,1,1,0,0,1,1,0,2990000
רמת גן,נגבה,דירה,85,0,4.0,1,1,1,1,1,1,0,0,1,0,2750000
חולון,בן גוריון,דירה,134,0,5.0,1,1,1,1,0,1,0,1,0,0,3300000
רחובות,רחובות המדע,דירה,160,0,5.0,1,1,1,1,1,1,1,0,0,1,3980000
אירוס,אירוס,בית פרטי/קוטג',505,505,7.0,0,1,1,1,0,1,0,0,0,1,11800000
ראש העין,פסגות אפק,דירת גן,208,60,5.0,1,1,1,1,1,1,0,1,0,1,3580000
אשקלון,,בית פרטי/קוטג',118,400,4.0,1,1,1,1,1,1,1,1,0,1,2180000
תל אביב יפו,נווה שרת,דירה,100,0,4.0,1,1,1,1,1,0,0,1,0,1,4050000
באר שבע,רמות הרכס,דירה,111,0,4.0,1,1,1,1,1,1,0,0,0,0,1390000
ירושלים,נווה יעקב,דירה,50,0,2.0,0,0,0,1,1,1,0,0,0,0,1550000
ראש העין,פסגות אפק,דירה,125,0,4.0,1,1,1,1,1,0,1,1,0,1,2750000
גן יבנה,נאות הפרחים,בית פרטי/קוטג',375,260,7.0,0,1,1,1,0,1,0,1,0,1,4550000
עפולה,,דירה,120,0,4.0,0,1,1,0,1,0,0,1,0,0,1050000
אורנית,אורנית,דירת גן,186,56,4.0,2,1,1,1,0,0,0,0,0,0,2590000
תל אביב יפו,הצפון החדש - צפון,דירה,75,0,3.0,0,1,1,0,1,1,0,1,1,0,5270000
רחובות,א' / צפון מזרח העיר,דירה,80,0,3.0,0,1,0,0,0,0,0,0,1,0,1850000
בת ים,דרום מערב ותיק,דירה,60,0,3.0,0,0,0,0,1,1,0,0,1,0,1790000
רחובות,חצרות המושבה,דירה,106,0,4.0,1,1,1,1,1,1,0,0,0,0,2480000
הרצליה,צמרות,דירה,147,0,5.0,2,1,1,1,1,1,0,1,0,1,5390000
חולון,ח-501,דירה,127,0,4.0,1,1,1,1,1,0,1,1,1,1,3200000
רמת גן,"מרום נוה, רמת יצחק",דירה,127,0,4.0,1,1,1,1,1,1,1,1,1,1,3980000
נשר,גבעת נשר,דירה,105,0,4.0,1,1,1,1,1,1,1,1,0,1,1850000
מודיעין מכבים רעות,מכבים,בית פרטי/קוטג',540,400,5.0,2,1,1,0,0,0,0,1,0,1,8000000
דימונה,נווה דוד,דירה,103,0,4.0,0,1,0,0,1,1,0,0,0,1,850000
קיסריה,,בית פרטי/קוטג',1300,0,6.0,0,0,1,0,0,0,0,0,0,0,14000000
תל אביב יפו,"שיכון דן, נווה דן",בית פרטי/קוטג',300,100,10.0,1,0,1,0,0,0,0,0,0,0,10400000
חיפה,כרמליה,דירה,80,0,3.0,0,1,1,1,1,0,1,1,0,1,1990000
נתניה,נאות הרצל,דירה,101,0,4.0,0,1,0,1,0,1,0,0,0,1,1830000
אשדוד,"רובע הקריה, הסיטי",דירה,128,0,4.0,1,1,1,1,1,1,0,1,0,1,2690000
אלפי מנשה,,בית פרטי/קוטג',260,680,6.0,1,1,1,1,0,0,0,1,0,1,4400000
חיפה,שוק תלפיות,דירה,100,0,3.0,1,1,0,0,0,1,0,1,0,0,1199000
תל אביב יפו,רביבים,דירה,125,0,5.0,0,1,1,0,0,0,0,0,0,0,5800000
חדרה,יצחק,בית פרטי/קוטג',420,420,6.0,3,1,1,1,0,1,0,0,0,1,4700000
גבעתיים,שטח 9,דירה,80,0,3.0,0,1,1,0,1,0,1,1,1,0,2950000
תל אביב יפו,"נווה עופר, תל כביר",דירה,75,0,3.0,0,1,0,0,0,0,0,0,1,0,2290000
נתניה,קרית השרון,דירה,102,0,4.0,1,1,1,1,1,0,0,1,1,0,2460000
רמת גן,נגבה,דירה,87,0,3.0,2,1,0,0,0,1,0,0,1,0,2650000
תל אביב יפו,כוכב הצפון,דירה,116,0,4.0,1,1,1,1,1,1,1,1,0,1,7350000
ביתר עילית,האתרוג,דירה,90,0,4.0,1,1,0,0,0,1,0,0,0,1,2700000
ירושלים,קרית משה,דירה,92,0,4.0,1,1,1,0,0,1,0,0,1,1,3690000
חדרה,,דירה,40,0,2.0,1,0,1,0,1,0,0,1,0,0,1250000
רמת גן,נגבה,דירה,68,0,3.0,0,0,1,0,0,0,0,0,1,0,2250000
קרית גת,כרמי גת,דירה,115,0,4.0,1,1,1,1,1,1,0,1,1,0,1940000
פתח תקווה,כפר גנים א,דירה,110,0,4.0,2,1,1,1,1,1,1,1,1,1,2830000
רחובות,ג' / מרכז מזרח העיר,דירה,20,0,3.0,0,1,0,1,1,1,0,1,0,1,1900000
באר שבע,שכונה ד,דירה,60,0,3.5,1,1,1,0,0,1,0,1,1,0,777000
קרית גת,מלכי ישראל,דו משפחתי,254,226,8.0,2,1,1,1,0,1,0,1,0,1,3300000
תל אביב יפו,הצפון הישן החלק המרכזי,דירה,102,0,4.0,1,1,0,0,1,0,1,0,0,0,5500000
תל אביב יפו,הצפון הישן החלק הדרום מזרחי,דירה,85,0,4.0,0,1,0,1,1,1,0,1,0,0,4690000
חדרה,גבעת אולגה,דירה,90,0,3.0,1,1,1,1,1,1,1,0,0,0,2180000
באר שבע,אין,דירה,202,0,5.0,2,1,1,1,1,1,0,1,0,1,2600000
תל אביב יפו,עג'מי,דירה,106,0,4.0,2,0,0,1,0,0,0,0,0,1,4000000
רמת גן,מתחם נגבה,דירה,87,0,3.0,3,1,0,0,0,1,0,0,0,0,2650000
באר שבע,שכונה ד,Квартира,60,0,3.5,0,1,1,0,0,1,0,1,0,0,777000
קרית מלאכי,אין,דירה,97,0,3.0,1,1,1,1,1,0,0,0,0,0,1500000
חולון,אין,דירה,140,0,5.0,1,1,1,1,1,0,1,1,0,1,3650000
לוד,גני יער,דירה,124,0,5.0,1,1,1,1,1,0,0,1,0,1,2470000
מעלה אדומים,אבני החושן,דירה,12,0,4.5,1,1,0,0,0,1,1,0,1,0,100000
קרית ביאליק,מרכז העיר,דירה,70,0,3.0,0,1,0,0,0,1,0,0,0,1,1180000
טבריה,אין,דירה,110,0,4.0,0,1,0,0,1,1,0,1,0,0,1250000
ירושלים,נוה יעקב,דירה,80,0,3.5,0,1,1,0,0,0,1,0,1,0,2060000
תל אביב יפו,לב תל אביב החלק הצפוני,דירת גן,55,0,2.0,1,1,1,1,1,0,1,1,1,0,3200000
אשקלון,מצפה ברנע,דירה,117,0,5.0,1,1,1,1,1,0,0,0,0,0,2300000
רמת גן,מרכז העיר ב',דירה,80,0,3.0,1,1,0,0,0,1,0,0,0,1,3470000
קרית טבעון,אין,דו משפחתי,300,200,6.0,0,0,1,0,0,1,1,1,1,1,3900000
אופקים,אין,גג/פנטהאוז,252,0,5.5,1,1,1,1,1,0,0,1,1,1,3290000
ראשון לציון,קרית ראשון;קריית כרמים,דירה,50,0,2.0,1,1,1,1,1,0,0,1,0,0,1800000
שדרות,נאות המייסדים,בית פרטי/קוטג,500,230,9.0,0,1,0,1,0,1,0,1,1,1,2200000
נס ציונה,אין,דירה,121,0,4.0,1,1,0,1,1,1,0,0,0,0,3000000
הרצליה,נוה עמל,דירת גן,147,70,3.5,2,1,1,1,0,0,0,0,1,0,3300000
צור משה,אין,דופלקס,133,0,5.5,1,1,1,1,0,0,1,0,0,1,3400000
ראש העין,פסגות אפק,דירה,142,0,4.0,1,1,1,1,1,0,1,1,0,1,2740000
ירושלים,"תלפיות, ארנונה",דירה,95,0,4.0,1,1,1,0,1,0,0,0,0,1,3350000
ראש העין,פסגות אפק,דירה,150,0,5.5,1,1,1,1,1,0,1,1,1,0,3700000
נתניה,קרית נורדאו,דירה,63,0,3.0,0,1,1,0,0,0,0,0,1,0,1590000
ירושלים,פסגת זאב מרכז,דירה,65,0,3.5,0,1,1,0,0,0,1,0,0,0,1950000
ירושלים,אין,דירה,60,0,3.0,0,1,1,0,0,1,0,0,1,0,1860000
בת ים,אין,גג/פנטהאוז,150,0,3.0,0,1,1,0,0,1,1,0,0,1,2270000
עכו,נווה אלון,דירה,78,0,3.0,0,1,0,0,0,1,0,0,0,1,0
ראשון לציון,"רמב""ם",דירה,60,0,2.5,0,1,0,0,0,1,0,0,0,0,1770000
יהוד מונוסון,אין,דירה,156,0,6.0,1,1,1,1,1,0,0,0,1,1,0
רמת השרון,אלון,דירה,140,0,4.0,1,1,1,1,1,0,0,1,0,1,5100000
רחובות,אפריים;סלע,יחידת דיור,140,100,2.0,0,1,1,0,0,1,0,0,0,1,4950
בת ים,צפון מערב,דירה,93,0,3.5,0,1,0,0,1,1,0,0,0,0,4000000
בנימינה גבעת עדה,אין,בית פרטי/קוטג,320,300,5.0,0,1,0,1,0,0,0,0,0,0,5000000
בת ים,בית וגן,דירה,28,0,1.0,0,1,0,0,0,1,0,1,1,0,1030000
בת ים,שיכון ותיקים,דירה,120,0,3.0,1,1,1,0,0,1,1,0,1,0,2550000
קרית ביאליק,מרכז העיר,דירה,163,0,5.0,2,1,1,1,1,0,0,0,0,1,2300000
רמת השרון,הדר,דירה,150,0,5.0,0,1,0,0,1,0,0,1,0,0,4500000
הוד השרון,רמת מנחם,דירה,119,0,4.0,1,1,1,1,1,0,0,0,0,0,3600000
פרדס חנה כרכור,נוה פרדסים,דירה,122,13,4.0,1,1,1,1,1,0,0,0,1,1,2285000
טבריה,רמת אגוז,דירה,86,0,4.0,0,1,0,0,0,0,1,0,1,0,0
יבנה,נאות בגין,דירה,121,0,4.5,1,1,1,1,1,0,1,0,1,0,2490000
באר שבע,שכונה ד,דירה,60,0,3.5,1,1,1,0,0,1,0,1,1,0,777000
קרית גת,מלכי ישראל,דו משפחתי,254,226,8.0,2,1,1,1,0,1,0,1,0,1,3300000
תל אביב יפו,הצפון הישן החלק המרכזי,דירה,102,0,4.0,1,1,0,0,1,0,1,0,0,0,5500000
תל אביב יפו,הצפון הישן החלק הדרום מזרחי,דירה,85,0,4.0,0,1,0,1,1,1,0,1,0,0,4690000
חדרה,גבעת אולגה,דירה,90,0,3.0,1,1,1,1,1,1,1,0,0,0,2180000
באר שבע,אין,דירה,202,0,5.0,2,1,1,1,1,1,0,1,0,1,2600000
תל אביב יפו,עג'מי,דירה,106,0,4.0,2,0,0,1,0,0,0,0,0,1,4000000
רמת גן,מתחם נגבה,דירה,87,0,3.0,3,1,0,0,0,1,0,0,0,0,2650000
באר שבע,שכונה ד,Квартира,60,0,3.5,0,1,1,0,0,1,0,1,0,0,777000
קרית מלאכי,אין,דירה,97,0,3.0,1,1,1,1,1,0,0,0,0,0,1500000
חולון,אין,דירה,140,0,5.0,1,1,1,1,1,0,1,1,0,1,3650000
לוד,גני יער,דירה,124,0,5.0,1,1,1,1,1,0,0,1,0,1,2470000
מעלה אדומים,אבני החושן,דירה,12,0,4.5,1,1,0,0,0,1,1,0,1,0,100000
קרית ביאליק,מרכז העיר,דירה,70,0,3.0,0,1,0,0,0,1,0,0,0,1,1180000
טבריה,אין,דירה,110,0,4.0,0,1,0,0,1,1,0,1,0,0,1250000
ירושלים,נוה יעקב,דירה,80,0,3.5,0,1,1,0,0,0,1,0,1,0,2060000
תל אביב יפו,לב תל אביב החלק הצפוני,דירת גן,55,0,2.0,1,1,1,1,1,0,1,1,1,0,3200000
אשקלון,מצפה ברנע,דירה,117,0,5.0,1,1,1,1,1,0,0,0,0,0,2300000
רמת גן,מרכז העיר ב',דירה,80,0,3.0,1,1,0,0,0,1,0,0,0,1,3470000
קרית טבעון,אין,דו משפחתי,300,200,6.0,0,0,1,0,0,1,1,1,1,1,3900000
אופקים,אין,גג/פנטהאוז,252,0,5.5,1,1,1,1,1,0,0,1,1,1,3290000
ראשון לציון,קרית ראשון;קריית כרמים,דירה,50,0,2.0,1,1,1,1,1,0,0,1,0,0,1800000
שדרות,נאות המייסדים,בית פרטי/קוטג,500,230,9.0,0,1,0,1,0,1,0,1,1,1,2200000
נס ציונה,אין,דירה,121,0,4.0,1,1,0,1,1,1,0,0,0,0,3000000
הרצליה,נוה עמל,דירת גן,147,70,3.5,2,1,1,1,0,0,0,0,1,0,3300000
צור משה,אין,דופלקס,133,0,5.5,1,1,1,1,0,0,1,0,0,1,3400000
ראש העין,פסגות אפק,דירה,142,0,4.0,1,1,1,1,1,0,1,1,0,1,2740000
ירושלים,"תלפיות, ארנונה",דירה,95,0,4.0,1,1,1,0,1,0,0,0,0,1,3350000
ראש העין,פסגות אפק,דירה,150,0,5.5,1,1,1,1,1,0,1,1,1,0,3700000
נתניה,קרית נורדאו,דירה,63,0,3.0,0,1,1,0,0,0,0,0,1,0,1590000
ירושלים,פסגת זאב מרכז,דירה,65,0,3.5,0,1,1,0,0,0,1,0,0,0,1950000
ירושלים,אין,דירה,60,0,3.0,0,1,1,0,0,1,0,0,1,0,1860000
בת ים,אין,גג/פנטהאוז,150,0,3.0,0,1,1,0,0,1,1,0,0,1,2270000
עכו,נווה אלון,דירה,78,0,3.0,0,1,0,0,0,1,0,0,0,1,0
ראשון לציון,"רמב""ם",דירה,60,0,2.5,0,1,0,0,0,1,0,0,0,0,1770000
יהוד מונוסון,אין,דירה,156,0,6.0,1,1,1,1,1,0,0,0,1,1,0
רמת השרון,אלון,דירה,140,0,4.0,1,1,1,1,1,0,0,1,0,1,5100000
רחובות,אפריים;סלע,יחידת דיור,140,100,2.0,0,1,1,0,0,1,0,0,0,1,4950
בת ים,צפון מערב,דירה,93,0,3.5,0,1,0,0,1,1,0,0,0,0,4000000
בנימינה גבעת עדה,אין,בית פרטי/קוטג,320,300,5.0,0,1,0,1,0,0,0,0,0,0,5000000
בת ים,בית וגן,דירה,28,0,1.0,0,1,0,0,0,1,0,1,1,0,1030000
בת ים,שיכון ותיקים,דירה,120,0,3.0,1,1,1,0,0,1,1,0,1,0,2550000
קרית ביאליק,מרכז העיר,דירה,163,0,5.0,2,1,1,1,1,0,0,0,0,1,2300000
רמת השרון,הדר,דירה,150,0,5.0,0,1,0,0,1,0,0,1,0,0,4500000
הוד השרון,רמת מנחם,דירה,119,0,4.0,1,1,1,1,1,0,0,0,0,0,3600000
פרדס חנה כרכור,נוה פרדסים,דירה,122,13,4.0,1,1,1,1,1,0,0,0,1,1,2285000
טבריה,רמת אגוז,דירה,86,0,4.0,0,1,0,0,0,0,1,0,1,0,0
יבנה,נאות בגין,דירה,121,0,4.5,1,1,1,1,1,0,1,0,1,0,2490000
נתניה,בן ציון ורמת חן,דירה,140,0,5.0,1,1,1,1,1,1,0,0,0,1,2890000
הוד השרון,הדר,דירה,110,0,4.0,1,1,1,1,1,1,0,1,0,0,3700000
אשקלון,גני ברנע,גג/פנטהאוז,124,0,4.0,1,1,1,1,1,1,0,1,1,1,0
קרית מוצקין,משכנות אומנים (כורדני),דירה,149,0,4.0,1,1,1,1,1,0,0,1,1,1,2200000
פתח תקווה,מרכז העיר דרום,דירה,100,0,5.0,0,1,1,1,1,1,0,0,1,0,2320000
באר שבע,רמות,דירה,110,0,4.0,1,1,1,1,1,0,0,0,0,0,1360000
ראשון לציון,השומר,דירה,90,0,4.0,0,1,1,0,1,1,0,1,1,1,2280000
רעננה,אין,דירה,125,0,4.5,1,1,1,1,1,1,0,1,0,0,3150000
חולון,קריית שרת,דירה,65,0,3.0,0,1,0,0,0,1,1,0,0,0,1740000
באר יעקב,רסידו סיטי,דירה,120,0,5.0,1,1,1,1,1,0,0,1,1,1,3400000
מודיעין מכבים רעות,אין,דירת גן,140,103,5.0,0,1,1,1,1,1,0,1,0,1,4900000
ירושלים,מעלות דפנה,דירה,123,0,4.5,1,0,0,0,1,0,0,1,0,0,4150000
דימונה,אין,דירה,50,0,2.0,0,1,0,0,0,1,1,0,0,0,670000
נתניה,רמת ידין,דירה,104,0,4.5,1,1,1,1,1,1,1,1,1,0,2180000
צפת,אין,דירת גן,225,150,3.5,0,1,1,1,0,1,0,0,0,1,1340000
באר שבע,העיר העתיקה ורסקו,דירה,175,0,6.0,1,1,1,1,1,0,1,0,0,0,1532000
עפולה,רובע יזרעאל,דירה,20,0,4.0,0,1,1,1,1,0,1,0,0,1,1550000
חולון,קרית עבודה,דירה,90,0,3.0,0,0,0,0,0,0,0,0,1,0,2250000
אשדוד,רובע ג,דירה,64,0,3.0,0,1,0,0,0,0,0,0,1,1,1600000
טבריה,קרית שמואל,דירה,153,0,6.0,2,1,1,1,1,0,0,0,0,1,1600000
מודיעין מכבים רעות,אין,דירה,130,0,5.0,1,1,1,1,1,0,0,1,0,1,4100000
באר שבע,שכונה ד,דירה,53,0,3.0,0,1,0,0,0,0,0,0,1,0,920000
שדרות,בן גוריון,דירה,110,0,4.0,0,1,1,0,0,1,1,0,0,0,1200000
מצפה רמון,אין,דירה,75,0,3.0,0,0,1,0,0,0,0,0,0,0,0
חיפה,אחוזה,דירת גן,135,90,5.0,2,1,1,1,1,0,0,1,0,0,3260000
נשר,בן דור,דירת גן,35,0,2.5,0,1,0,0,0,1,0,0,1,1,1500000
להבים,אין,בית פרטי/קוטג,640,0,5.0,1,1,1,1,0,0,1,1,0,1,3500000
לוד,רמת אלישיב,דירה,134,0,5.0,1,1,1,1,1,1,1,1,1,0,2850000
חיפה,קרית חיים מזרחית,דירת גן,215,120,4.0,1,1,1,1,1,0,0,1,0,1,2050000
בני ברק,הר שלום,דירה,105,0,4.0,1,1,1,0,1,1,0,0,0,0,2950000
שדרות,נאות יצחק רבין,דירת גן,120,260,4.0,0,0,1,0,0,1,0,0,1,1,0
טבריה,דוד רמז,גג/פנטהאוז,205,0,5.0,2,1,1,1,1,1,1,1,0,1,2900000
ירושלים,קרית היובל,דירה,85,0,2.0,1,1,1,1,1,0,0,1,1,0,0
חיפה,רמת חביב,דירה,110,0,4.0,1,1,1,1,1,1,0,1,0,1,2590000
באר שבע,שכונה ד,דירה,117,0,4.0,0,1,1,0,0,1,1,0,1,0,1320000
אושה,אין,בית פרטי/קוטג,405,405,5.0,2,1,1,0,0,0,0,0,0,1,3200000
באר שבע,שכונה ג,דירה,83,0,4.0,0,1,0,0,0,0,0,0,1,0,1075000
חדרה,בית אליעזר,בית פרטי/קוטג,250,185,5.5,3,1,1,1,0,1,0,1,0,1,3100000
חריש,אין,דירה,112,0,5.0,1,1,1,1,1,1,0,1,1,1,1700020
מודיעין מכבים רעות,הכרמים (ציפור),גג/פנטהאוז,185,0,4.5,3,1,1,1,1,0,1,0,1,1,0
אשקלון,ברנע,דו משפחתי,520,330,5.5,0,1,1,1,0,0,0,0,0,1,0
באר שבע,שכונה ה,דירה,60,0,3.0,0,1,0,0,0,1,0,0,1,0,920000
רחובות,מילצ'ן;שעריים,דירה,115,0,4.0,1,1,1,1,1,0,0,0,0,0,2690000
הר אדר,אין,בית פרטי/קוטג,680,580,9.0,3,1,1,0,0,0,1,0,1,1,4850000
באר שבע,רמות,דירה,115,0,4.0,1,1,1,1,1,1,0,1,0,1,1360000
מעלות תרשיחא,אין,דו משפחתי,150,50,4.5,0,1,0,0,0,0,1,0,0,1,0
תל אביב יפו,תוכנית ל,דירה,104,0,4.0,0,1,1,0,1,1,0,1,1,0,5480000
חדרה,גבעת אולגה,דירה,122,0,4.0,1,1,1,1,1,0,0,1,0,1,3800000
באר שבע,שכונה יא,דירה,75,0,3.0,0,1,0,0,0,1,1,0,0,0,800000
שדרות,נאות הנביאים,דירה,103,0,4.0,1,1,0,1,0,0,1,0,0,1,980000
בית שאן,אין,דירה,74,0,3.0,0,1,0,0,0,1,0,0,0,1,750000
נתניה,משכנות זבולון וקרית רבין,דירה,94,0,3.0,1,1,1,1,1,1,0,0,0,0,2250000
בת ים,מערב,דירה,100,0,4.0,0,1,0,0,1,1,1,1,0,0,3150000
בת ים,אזור התעשייה,דירה,50,0,2.0,0,1,1,1,1,0,0,0,0,0,2070000
צור משה,אין,דופלקס,105,0,4.5,2,1,1,1,0,0,0,0,0,0,3200000
ברקן,אין,בית פרטי/קוטג,256,0,6.0,1,1,0,0,0,0,0,0,0,1,3080000
ראשון לציון,אברמוביץ',דירה,99,0,4.0,0,1,1,0,1,0,1,1,0,1,2200000
כפר סבא,השכונה הירוקה,דירה,132,0,5.0,1,1,1,1,1,0,0,1,1,1,4200000
נתיבות,אין,דירה,140,0,5.0,1,1,1,1,1,0,0,0,0,1,1600000
נתניה,מרכז העיר,דופלקס,126,0,5.0,1,1,1,0,1,0,0,0,0,0,2940000
ירושלים,אין,דירה,85,0,3.5,1,1,1,0,1,0,0,0,1,1,2195000
ראשון לציון,נוה הדרים,דירה,114,0,4.0,0,1,1,0,1,0,1,1,1,0,2500000
ראשון לציון,אברמוביץ',דו משפחתי,326,150,6.0,2,1,1,1,0,0,0,0,0,0,4550000
מעלה אדומים,צמח השדה,דופלקס,147,0,4.5,3,1,0,1,0,0,0,0,0,1,3000000
חולון,אגרובנק,מחסן,7,0,0.0,0,0,0,0,0,0,0,0,1,0,135000
ירוחם,אין,דירה,96,0,4.0,0,1,0,0,0,0,0,0,0,0,500000
נהריה,אין,דירה,140,0,5.0,1,1,1,1,1,0,1,1,0,0,3825000
מודיעין מכבים רעות,המגינים (השמשוני דרום),דירה,96,0,4.0,1,1,1,1,0,1,1,0,1,1,2790000
כפר יעבץ,אין,בית פרטי/קוטג,600,0,12.0,0,1,1,1,0,0,0,0,0,1,6500000
פתח תקווה,נווה מעוז,דירה,110,0,4.0,1,1,1,1,1,0,0,0,0,1,2690000
ראשון לציון,"רמב""ם",דירה,90,0,3.0,1,1,1,1,1,0,0,1,0,1,2500000
אופקים,אין,דו משפחתי,250,150,4.0,0,1,0,0,0,0,1,0,0,1,1850000
פרדס חנה כרכור,אין,דירה,100,0,4.0,1,1,0,0,0,1,0,0,0,0,1790000
גן יבנה,אין,בית פרטי/קוטג,250,160,6.0,3,1,1,1,0,0,0,0,0,1,4300000
נתניה,גבעת האירוסים,דירת גן,160,70,4.0,0,1,1,0,0,1,0,0,1,1,2980000
רמת גן,מתחם נגבה,דו משפחתי,258,150,3.5,1,1,1,0,0,0,1,1,1,1,4800000
חיפה,נוה שאנן,דופלקס,130,0,5.0,1,1,1,1,1,0,0,1,0,1,2330000
ראש העין,פסגות אפק,גג/פנטהאוז,142,0,4.0,1,1,1,1,1,0,0,1,0,1,3180000
פרדס חנה כרכור,יובלים וקורן,בית פרטי/קוטג,500,0,6.0,1,1,1,1,0,0,0,0,0,1,6800000
באר שבע,אין,דירה,113,0,4.0,1,1,1,1,1,1,0,0,0,0,2000000
חיפה,גבעת דאונס,דירת גן,286,165,5.0,0,1,1,1,1,1,0,1,0,1,3330000
באר שבע,שכונה ג,דירה,98,0,4.0,0,1,1,0,1,0,1,1,0,1,920000
גבעתיים,תל גנים,דו משפחתי,248,173,3.0,0,1,1,0,0,0,0,1,0,1,7000000
נס ציונה,סביוני נצר סירני,דירה,112,0,4.0,1,1,1,1,1,1,0,0,1,0,3430000
רמלה,קרית האמנים,דירה,123,0,4.0,1,1,1,1,1,1,1,1,1,1,2285000
רמת גן,מרכז העיר ב',דירה,100,0,3.5,1,1,1,1,1,1,1,1,0,0,3650000
כפר יונה,אין,דירה,103,0,4.5,1,1,1,1,0,0,0,0,1,1,2300000
נהריה,אין,דירה,30,0,1.5,1,1,1,0,0,1,0,0,0,0,2200
אשקלון,ברנע ב,גג/פנטהאוז,200,0,4.0,2,0,0,0,0,0,0,0,0,0,2650000
אשקלון,ז'בוטינסקי,דירה,90,0,4.0,1,1,1,1,1,0,0,1,0,0,1250000
אשקלון,אין,גג/פנטהאוז,160,0,5.5,1,1,1,0,1,1,0,1,0,0,1880000
אשקלון,כרמי ציון,פרטי/קוטג,170,220,5.5,1,1,1,1,0,1,0,0,0,1,2650000
ירושלים,פסגת זאב צפון,דופלקס,150,0,4.5,2,1,1,0,0,1,0,0,1,1,2600000
רמת גן,תל בנימין,דירה,86,0,3.0,1,1,1,1,1,0,0,1,0,0,3100000
זכרון יעקב,אין,פרטי/קוטג,197,193,6.0,1,0,0,0,0,0,0,0,0,0,6350000
אשקלון,נווה ים,גג/פנטהאוז,125,0,4.0,1,1,1,1,1,1,0,0,0,0,1825000
אור עקיבא,"אורות, גני רבין",דירה,130,0,5.0,1,1,1,1,1,1,0,1,0,0,3000000
כפר סבא,אין,דירה,125,0,4.0,0,1,1,0,1,1,1,0,0,0,3260000
תל אביב יפו,לב תל אביב החלק הדרומי,דירה,43,0,2.0,1,1,0,0,1,1,0,0,0,0,3200000
קרית גת,גליקסון,בית פרטי/קוטג,135,30,4.0,0,1,0,0,0,1,1,0,1,0,2450000
חולון,קרית עבודה,דירה,90,0,4.0,0,1,0,1,1,0,0,0,0,1,2300000
תל אביב יפו,הצפון הישן החלק המרכזי,דירה,130,0,4.0,0,1,0,0,0,1,0,0,0,0,5700000
רחובות,שעריים מזרחי,דירת גן,207,120,3.5,1,1,1,1,1,1,0,1,1,0,0
טירת כרמל,אין,גג/פנטהאוז,223,0,5.0,1,1,1,1,1,0,1,1,1,1,4350000
באר שבע,שכונה ו,דירה,75,0,4.0,0,1,0,0,0,1,1,0,0,0,900000
יבנה,אין,דירה,90,0,4.0,1,1,1,1,1,0,0,0,1,1,2400000
בת ים,מרכז,דירה,110,0,4.0,1,1,1,0,1,0,1,0,0,0,4500000
הרצליה,נוה עמל,בית פרטי/קוטג,417,0,4.0,0,1,1,0,0,0,0,0,1,1,6500000
נתיבות,אין,דירה,140,0,4.0,1,1,1,1,1,0,0,1,1,1,1
באר שבע,שכונה ט,דירה,73,0,3.5,0,1,1,0,0,0,0,0,0,0,800000
רמת גן,רמת שקמה,דירה,109,0,4.0,1,1,1,1,1,0,0,1,0,1,3850000
אשקלון,נאות אשקלון,דירה,95,0,4.0,1,1,1,0,1,1,0,1,0,0,1350000
באר יעקב,אין,דירה,52,0,2.0,0,0,0,0,0,0,0,0,0,0,1900000
נהריה,מרכז העיר,דירה,90,0,3.0,1,1,1,1,1,1,1,1,0,0,0
בית אל,אין,דירת גן,255,119,5.0,0,0,1,1,1,0,0,1,0,0,2129000
ירושלים,הר נוף,דירת גן,470,120,7.0,2,1,0,1,1,0,0,0,1,1,6500000
יבנה,אין,דירה,120,0,5.5,1,1,1,1,1,1,0,1,1,1,3250000
עכו,נווה ספיר (קריית תמרים),דירה,136,0,0.0,1,1,1,1,1,0,0,0,1,1,1780000
אשדוד,רובע א,דירה,165,0,5.0,1,1,1,1,0,1,0,0,0,1,2900000
מעלה אדומים,מצפה נבו,דירה,100,0,3.5,1,1,0,1,0,1,0,0,0,0,1820000
גבעת שמואל,רמת הדר,דירה,145,0,5.0,1,1,1,1,1,0,0,1,0,1,3800000
כרמיאל,הדר;הערבה,דירה,130,0,5.5,0,1,0,0,0,1,0,0,0,0,1740000
בית שמש,"שז""ר",דירה,130,0,4.0,2,0,1,0,1,0,0,0,1,1,2100000
זכרון יעקב,גבעת עדן,דו משפחתי,400,100,8.0,1,1,1,1,0,0,0,0,1,1,5800000
נופים,אין,דו משפחתי,380,0,5.5,1,1,1,1,0,1,0,1,0,1,2950000
חיפה,רמת אלון,דירה,100,0,4.0,2,1,1,0,0,1,0,0,1,1,1
צור יצחק,אין,דירה,174,0,5.0,1,1,1,1,1,0,0,1,0,1,2800000
רמת גן,אין,דירה,70,0,2.5,0,0,0,0,0,0,0,0,0,0,2300000
מעלה אדומים,כלי שיר,דירה,93,0,3.0,2,1,0,0,0,0,1,0,1,0,1790
ירושלים,בקעה,דירה,90,0,5.0,1,0,0,1,1,1,0,1,1,0,3100000
חריש,אין,דירה,109,0,4.0,0,1,0,1,1,0,0,0,0,1,1700000
רמלה,העיר העתיקה,דירה,94,0,4.0,1,1,0,0,0,0,0,0,1,0,1500000
פתח תקווה,אחדות,דירה,36,0,2.0,2,0,0,0,0,0,1,0,0,0,1600000
נתניה,בן ציון ורמת חן,דירה,110,0,4.0,1,1,1,0,1,0,0,0,0,0,1670000
ירושלים,קרית היובל,דירה,75,0,3.5,0,1,1,0,0,1,0,0,1,1,2600000
תל אביב יפו,גני צהלה,דירה,98,0,4.0,1,1,1,0,1,1,0,0,0,0,3690000
שוהם,אלונים,גג/פנטהאוז,247,0,5.0,1,1,1,1,1,0,0,0,0,1,4150000
חיפה,קריית שמואל,דירה,78,0,3.0,1,1,1,1,1,1,1,1,1,1,0
אשדוד,רובע יז,בית פרטי/קוטג,500,380,10.0,2,1,1,1,1,1,1,1,0,1,0
רחובות,אין,דירה,87,0,3.0,1,1,1,1,1,0,0,1,1,0,2260000
בני ברק,פרדס כץ ויסודות,דירה,70,0,3.0,0,1,1,0,0,1,1,0,1,0,1950000
קרית מלאכי,אין,דירה,116,0,4.0,1,1,0,1,1,1,0,1,1,0,1790000
חולון,קרית אילון,דירה,140,0,5.0,1,1,1,1,1,1,1,1,0,1,3650000
נתניה,בן ציון ורמת חן,דירה,80,0,3.0,0,1,1,0,1,0,0,1,0,0,1950000
באר שבע,שכונה א,דירה,75,0,2.5,1,1,1,1,1,0,1,1,0,0,800000
קרית גת,גליקסון,דירה,125,0,4.5,1,1,1,0,0,1,0,0,1,0,1350000
הר אדר,אין,בית פרטי/קוטג,527,380,0.0,0,1,1,1,0,0,0,0,0,0,4850000
קרית מלאכי,אין,בית פרטי/קוטג,320,0,7.0,3,1,1,0,0,0,0,1,0,1,0
קרית ים,אין,דירה,134,0,4.5,1,1,1,1,1,1,0,1,1,1,2050000
אשקלון,נווה דקלים,בית פרטי/קוטג,280,160,6.0,1,1,1,1,0,1,1,1,1,1,3999999
כפר סבא,אין,דירה,110,0,4.0,0,1,1,0,1,1,0,0,1,0,2890000
רחובות,שעריים מזרחי,דירה,132,0,4.0,1,1,1,1,1,0,0,1,0,0,0
ירושלים,עמק רפאים,בית פרטי/קוטג,1026,614,10.5,2,1,1,0,0,1,1,1,1,1,32000000
פרדס חנה כרכור,אין,דו משפחתי,780,630,5.0,0,1,0,1,0,0,0,0,0,1,6500000
נופים,אין,בית פרטי/קוטג,1000,800,5.0,0,1,1,1,0,0,0,0,0,1,3700000
מבשרת ציון,אין,דירת גן,167,57,4.5,2,1,0,1,0,1,0,0,1,1,3500000
באר שבע,שכונה ט,דירה,101,0,4.0,0,1,1,0,1,0,0,0,1,0,1000000
רמת גן,החרוזים,דירה,80,0,3.0,1,1,1,1,1,0,0,0,0,0,3580000
ראשון לציון,נווה אליהו,דירה,102,0,3.0,1,1,0,0,0,0,1,0,1,0,2120000
באר שבע,רמות,דירה,95,0,4.0,1,1,1,0,1,0,0,0,0,0,1190000
דימונה,אין,דירה,58,0,3.0,0,1,0,0,0,1,0,0,0,0,650000
הרצליה,יד התשעה,דירה,61,0,3.0,0,1,0,0,0,1,0,0,1,0,2200000
נס ציונה,סביוני נצר סירני,דירה,122,0,4.0,1,1,1,1,1,1,0,1,1,0,3370000
נתיבות,אין,מגרשים,480,0,0.0,0,0,0,0,0,0,0,0,0,0,0
מצפה רמון,אין,דירה,75,0,3.0,0,0,1,0,0,0,0,0,0,0,850000
נתניה,קרית נורדאו,דירה,110,0,3.0,0,1,1,0,0,1,1,0,1,0,1000000
ירושלים,רמות,בית פרטי/קוטג,160,0,6.0,2,1,0,0,0,1,0,0,1,1,5300000
נצרת,אין,דירה,135,0,4.0,3,1,1,1,1,1,1,1,1,0,1550000
רחובות,אין,דירה,130,0,4.0,1,1,1,1,1,1,0,0,1,1,3020000
מצליח,אין,בית פרטי/קוטג,1500,1102,4.0,1,1,1,1,0,0,0,1,1,1,6950000
נהריה,עין שרה,בית פרטי/קוטג,250,780,6.0,2,1,1,1,0,1,1,1,1,1,4750000
טבריה,"הרמב""ם",דירה,112,0,4.0,1,1,1,0,0,1,0,0,0,1,2800
אילת,מרכז העיר,דירת גן,80,20,3.0,1,0,0,0,0,0,0,0,0,0,810000
רמלה,נווה מאיר;בן גוריון;נווה יהונתן;יפה נוף,דירה,70,0,0.0,1,1,1,1,1,0,0,1,0,1,1500000
חיפה,גבעת דאונס,דירה,120,0,3.0,1,1,1,1,1,1,0,0,0,1,2550000
פרדס חנה כרכור,אין,דו משפחתי,230,50,6.0,0,1,1,1,0,0,0,0,1,1,3300000
קרית גת,העפלה,דירה,150,0,5.0,1,1,1,1,1,1,0,1,1,1,1800000
בת ים,שיכון ותיקים,דירה,100,0,4.0,0,1,0,0,0,0,0,0,0,0,0
הרצליה,הרצליה ב',בית פרטי/קוטג,200,335,6.0,3,1,1,1,0,0,0,0,0,0,8500000
נתיבות,אין,מגרשים,325,0,0.0,0,0,0,0,0,0,0,0,0,0,0
נתניה,נאות גנים,בית פרטי/קוטג,600,500,3.0,0,1,0,0,0,0,0,1,0,0,0
נתניה,מרכז העיר,דופלקס,126,0,5.0,1,1,1,0,1,0,0,0,0,0,2940000
באר שבע,שכונה ב,דירה,95,0,4.0,0,1,1,0,1,0,0,0,1,0,1300000
תל אביב יפו,נוה שרת,דירה,125,0,4.0,1,1,1,1,1,0,0,1,0,1,4700000
חיפה,רמת אלון,דירה,100,0,4.0,2,1,1,0,0,1,0,0,1,1,100
נתיבות,אין,דירה,141,0,4.0,2,1,1,1,1,0,0,1,0,0,1490000
חריש,אין,דירת גן,185,180,4.0,2,1,1,1,1,0,0,1,0,1,2600000
רחובות,"ביל""ו",דירה,78,0,4.0,0,1,1,0,1,1,0,0,0,0,1980000
מעלה אדומים,אבני החושן,דירה,100,0,4.5,1,1,0,0,0,1,0,0,1,0,0
אור יהודה,נווה סביון,דירה,127,0,4.0,1,1,1,1,1,1,1,1,1,0,2750000
שדרות,אין,דירה,119,0,4.0,1,1,1,1,1,0,0,0,0,0,1450000
קרית גת,בני ישראל,דירה,114,0,4.0,1,1,1,1,1,0,0,0,0,1,1790000
צור יצחק,אין,דירה,118,0,4.0,1,1,1,1,1,1,0,0,1,1,2320000
חולון,קרית בן גוריון,גג/פנטהאוז,250,0,5.5,1,1,1,0,1,1,0,0,0,0,4680000
תל אביב יפו,הצפון הישן החלק הדרום מזרחי,דירה,48,0,3.0,0,1,0,0,0,1,0,0,0,0,3700000
לוד,גני יער,דירה,110,0,4.0,1,1,1,1,1,0,0,0,0,0,2125000
רחובות,מילר;מלצר,דירה,114,0,4.0,1,1,1,1,1,0,0,1,0,1,3090000
ירושלים,רמת שרת,דירה,64,0,3.0,1,1,0,0,1,1,1,1,0,1,2550000
קרית אונו,אין,דירה,94,0,3.0,1,1,1,1,1,1,0,1,0,0,6500
ירושלים,"תלפיות, ארנונה",דירה,88,0,4.0,2,1,1,0,1,0,0,1,1,0,2870000
בית אריה / עופרים,אין,בית פרטי/קוטג,500,500,5.0,0,1,1,1,0,1,0,0,0,1,3780000
אילת,"בנה ביתך, אמדר",דירה,96,0,4.5,0,1,0,0,1,1,1,0,0,0,1620000
חריש,אין,דירה,101,0,4.0,1,1,1,1,1,0,0,0,0,0,1790000
קרית מוצקין,מוצקין הותיקה,דירה,120,0,5.0,1,1,1,1,1,0,0,1,1,1,2490000
יבנה,השכונה הירוקה,דירה,113,0,4.0,1,1,1,1,1,0,0,1,0,1,2680000
פתח תקווה,מחנה יהודה,דירה,106,0,4.0,1,1,1,1,1,1,0,0,0,1,2650000
ראשון לציון,נאות שקמה,דירה,86,0,3.0,1,1,1,1,1,0,0,1,1,1,2350000
ירושלים,רמות,דירה,43,0,2.0,0,1,0,0,0,1,1,0,0,0,0
תל אביב יפו,הצפון הישן החלק הצפוני,דירה,30,0,1.0,0,1,0,0,0,0,1,0,0,0,2290000
טבריה,פלוס 200,דירה,60,0,3.0,0,1,0,0,0,1,0,0,1,0,750000
נתניה,אגמים,דירה,115,0,4.0,1,1,1,1,1,0,1,0,1,0,3050000
תל אביב יפו,רמת אביב,דירה,71,0,4.0,0,1,0,0,0,1,1,0,1,0,4150000
אשקלון,נווה אילן,דירה,75,0,3.5,1,0,1,1,1,0,0,0,0,0,1330000
ירושלים,תלפיות מזרח,דירה,120,0,4.0,1,1,1,1,1,1,0,1,1,1,4150000
חריש,אין,דירה,111,0,5.0,1,1,1,0,1,0,0,0,0,1,1950000
באר שבע,רמות,בית פרטי/קוטג,365,200,6.0,3,1,1,1,0,0,0,0,1,1,2750000
מעלות תרשיחא,אין,דירת גן,120,0,5.0,1,1,1,1,1,0,0,1,0,1,1885000
מגדל העמק,אין,דירה,60,0,3.0,0,0,0,0,0,0,0,0,0,0,670000
לוד,לוד הצעירה,דירה,72,0,3.0,1,1,1,0,1,1,0,0,1,0,1530000
נתניה,אין,תיירות ונופש,65,0,2.0,1,1,0,0,1,1,0,1,0,0,950000
ירושלים,אין,דירה,140,0,4.5,3,1,1,1,1,0,0,1,1,1,4050000
אשדוד,רובע א,דירה,107,0,4.5,1,1,0,1,1,0,0,0,0,0,1890000
גדרה,אין,בית פרטי/קוטג,560,180,6.0,2,1,1,1,0,0,1,0,0,1,8500000
שני ליבנה,אין,בית פרטי/קוטג,440,350,7.0,1,1,1,0,0,0,0,0,0,1,1650000
חולון,קרית אילון,דירת גן,420,300,5.0,1,1,1,1,1,1,1,1,1,1,5950000
מעלה אדומים,נופי סלע,דירת גן,260,100,6.0,1,1,1,1,0,0,0,0,0,1,3570000
תל אביב יפו,דקר,גג/פנטהאוז,98,0,4.0,1,1,1,1,0,0,0,1,0,1,5000000
ירושלים,קרית משה,דירת גן,175,50,5.0,2,1,1,1,1,1,0,1,1,1,3380000
רחובות,אין,דירה,105,0,4.0,1,1,1,1,1,1,0,1,0,1,2600000
ראשון לציון,נאות אשלים,גג/פנטהאוז,220,0,5.0,1,1,1,1,1,1,0,1,1,0,5200000
עפולה,מרכז העיר,דירה,160,0,5.0,1,1,1,1,1,0,0,1,0,1,1590000
טבריה,מורדות טבריה,דו משפחתי,300,100,7.0,1,1,1,0,0,1,0,0,0,0,3300000
ראשון לציון,"רמב""ם",דירה,71,0,3.0,2,1,0,0,0,0,1,0,0,0,1850000
ראש העין,פסגות אפק,דירה,137,0,5.0,0,1,0,1,1,1,1,0,1,1,3300000
לוד,"חב""ד",דירה,51,0,2.0,0,1,0,0,0,1,0,0,1,1,1250000
חיפה,קרית חיים מערבית,דו משפחתי,230,150,5.0,1,1,1,0,0,0,0,0,1,0,1650000
קרית שמונה,אין,בית פרטי/קוטג,450,0,8.0,3,1,1,1,0,0,0,0,0,1,3700000
ירושלים,גילה,דירה,90,0,4.0,1,1,0,0,0,1,0,0,1,0,2299000
חיפה,רמת אלון,דירה,100,0,4.0,2,0,0,0,0,0,0,0,0,0,1
עתלית,אין,דירת גן,260,130,5.0,0,1,1,1,0,0,0,1,1,0,3500000
אשדוד,רובע ה,דירה,140,0,4.5,1,1,1,1,1,1,1,0,0,0,2450000
אשקלון,אין,דירה,80,0,3.0,1,1,1,0,0,1,1,0,0,0,975000
חיפה,קריית שמואל,בית פרטי/קוטג,300,180,5.0,0,1,1,1,0,0,0,1,1,1,2500000
באר שבע,שכונה ה,בית פרטי/קוטג,135,15,5.0,1,1,0,0,0,0,0,0,1,0,1350000
בת ים,מרכז,דירה,80,0,3.0,1,0,0,0,1,0,0,0,0,0,1650000
בת ים,צפון מערב,דירת גן,60,30,2.0,0,1,0,0,0,1,0,0,1,0,159
אשקלון,גני ברנע,דירה,100,0,4.0,0,1,1,0,1,0,0,0,0,1,0
אשדוד,אין,דירה,110,0,4.0,1,1,1,1,1,1,0,0,1,1,0
רמת גן,מתחם נגבה,דירה,75,0,3.5,1,1,1,0,0,0,0,0,0,0,2400000
רמת גן,מרכז העיר א',דירה,130,0,4.5,0,1,1,0,1,0,0,0,1,1,4100000
ראש העין,נוה אפק,דירת גן,130,0,4.0,0,1,1,0,1,1,1,1,1,0,2650000
בית שמש,רמת בית שמש ג',בית פרטי/קוטג,350,50,8.0,3,1,1,1,0,1,0,1,1,1,4000000
באר שבע,שכונה יא,דירה,51,0,2.0,0,1,0,0,0,1,1,0,0,0,700000
עומר,אין,בית פרטי/קוטג,600,330,5.5,2,1,1,1,0,1,1,0,1,1,3900000
הרצליה,הרצליה ב',דירה,46,0,2.0,0,1,0,1,1,1,1,1,0,1,3600000
ראשון לציון,נוה הדרים,דו משפחתי,380,0,6.0,1,1,1,1,0,0,0,0,0,0,6500000
קצרין,אין,בית פרטי/קוטג,500,380,4.5,0,1,1,0,0,1,0,1,0,1,2500000
אשקלון,נווה ההדרים,דירה,141,0,5.0,1,1,1,1,1,0,0,1,0,1,2245000
חיפה,נוה יוסף,דירת גן,92,100,4.0,1,1,1,1,0,1,1,0,1,1,1500000
אשלים,אין,בית פרטי/קוטג,520,320,6.0,2,1,1,1,0,0,0,0,0,0,0
רמת גן,נחלת גנים,דירה,75,0,3.0,1,1,1,1,1,0,0,0,0,0,2800000
רמת השרון,הדר,דירה,83,0,0.0,0,1,0,1,1,0,0,0,1,0,0
לוד,"חב""ד",דירה,90,0,3.0,1,1,1,0,0,1,0,0,1,0,1500000
חולון,אין,דירה,80,0,4.0,0,1,1,0,1,1,0,1,0,0,1950000
לוד,רסקו,דירה,180,0,4.0,0,1,0,0,0,0,1,0,0,0,0
קרית גת,הפרחים,דירה,140,0,5.0,1,1,1,1,1,0,0,0,1,1,2100000
פתח תקווה,הדר גנים;גני הדר,דירה,94,0,4.0,1,1,0,1,1,1,1,1,1,0,2680000
אור עקיבא,"בן גוריון, נווה אלון",דירה,150,0,5.0,1,1,1,1,1,0,0,1,0,1,2750000
תל אביב יפו,נוה גולן,דירה,102,0,3.5,0,1,0,1,1,1,1,1,1,1,2490000
אופקים,אין,בית פרטי/קוטג,226,100,4.0,1,1,1,0,0,0,0,1,1,1,1700000
מעלות תרשיחא,אין,דירה,70,0,3.0,0,1,0,0,0,1,0,0,1,1,705000
שדרות,נאות הדקל,דירה,147,0,4.5,1,0,1,1,1,0,0,1,0,1,2000000
ירושלים,בית הכרם,דירה,75,0,2.0,1,1,0,0,0,1,0,0,0,0,3000000
דימונה,שכונה ממשית,דירת גן,250,185,3.0,0,1,1,0,0,0,0,1,1,1,0
ירושלים,מנחת,דירה,135,0,4.0,2,0,1,1,1,0,0,0,0,1,3980000
מודיעין מכבים רעות,הכרמים (ציפור),דירת גן,170,60,5.0,2,1,1,1,1,1,1,1,1,1,4350000
יהוד מונוסון,אין,דירה,136,0,5.0,1,1,1,1,1,0,0,1,1,1,3455000
תל אביב יפו,ניר אביב,דירה,100,0,4.0,1,1,1,1,1,0,0,1,1,0,2850000
רחובות,אושיות,דופלקס,160,0,5.5,1,1,0,1,0,1,1,0,1,0,0
קיסריה,אין,בית פרטי/קוטג,800,400,8.0,1,1,1,1,0,1,0,1,0,1,9500000
תל אביב יפו,נאות אפקה א,דירה,97,0,4.0,1,1,1,1,1,0,0,0,0,0,3740000
אשדוד,רובע יא,דירה,110,0,4.0,1,1,0,0,1,1,1,0,0,0,1990000
ירושלים,גילה,דירה,120,0,5.0,2,1,0,0,0,1,0,0,0,1,3150000
קרית גת,מגדים,דופלקס,160,0,5.5,2,1,1,0,0,1,0,0,0,1,1850000
קרית שמונה,אין,דירה,118,0,4.0,1,1,1,1,0,1,1,0,0,1,0
חולון,אין,דירה,100,0,5.0,1,1,0,1,1,0,0,1,0,1,2189000
אדם - גבע בנימין,אין,דירה,120,0,4.5,1,1,0,1,0,0,0,0,1,0,1850000
יבנה,רמות וייצמן,בית פרטי/קוטג,121,65,5.0,0,1,0,1,0,1,1,0,0,1,2790000
קרית אתא,אין,גג/פנטהאוז,144,0,5.0,2,1,1,1,0,1,0,0,1,0,2780000
קרית אתא,גבעת אלונים,דירת גן,162,100,5.0,0,1,0,1,0,1,1,1,1,1,2750000
הוד השרון,אין,דו משפחתי,300,270,7.0,0,1,0,1,0,1,0,0,0,0,9380000
ראש העין,הרקפות,מגרשים,240,0,0.0,0,0,0,0,0,0,0,0,0,0,1600000
באר שבע,שכונה ו,דירה,100,0,4.0,0,1,1,0,1,1,0,0,1,0,890000
ירושלים,נוה יעקב,דירה,70,0,3.5,0,1,0,0,0,1,1,0,1,0,2100000
ירושלים,"תלפיות, ארנונה",דירה,105,0,4.0,2,1,1,1,0,0,0,0,0,1,3500000
קרית מלאכי,אין,דופלקס,200,0,5.5,2,1,1,1,0,1,1,1,0,1,0
ראשון לציון,אברמוביץ',דירה,100,0,3.5,1,1,1,1,1,0,0,1,0,1,2850000
מודיעין מכבים רעות,הפרחים (מירומי),דירה,187,0,5.0,2,1,1,1,0,0,0,0,1,1,3890000
כפר סבא,אין,דירה,130,0,5.0,1,1,1,1,1,0,1,1,0,0,3900000
אור יהודה,אין,דירה,93,0,4.0,0,1,0,0,0,0,0,0,0,0,2100000
להבים,אין,בית פרטי/קוטג,640,0,4.0,1,1,1,1,0,0,1,1,0,0,3500000
יהוד מונוסון,קרית ביאליסטוק,דירה,140,0,5.0,1,1,1,1,1,0,0,0,1,0,3100000
עפולה,אין,דירה,82,0,3.0,1,1,1,1,1,0,0,1,0,1,0
נתניה,מרכז העיר,דירה,135,0,5.0,0,0,0,0,0,0,0,0,0,0,2590000
תל אביב יפו,תל כביר,דירה,92,0,4.0,0,1,0,0,1,1,1,1,1,0,3500000
פתח תקווה,אין,דירה,116,0,4.5,2,1,1,1,1,0,0,1,0,0,2940000
תל אביב יפו,אין,דירה,90,0,3.0,0,1,0,0,1,0,1,1,0,0,4000000
נצרת עילית,הר יונה,דירה,158,0,5.0,0,1,0,1,0,1,0,0,0,0,2150000
ראש העין,נוה אפק,דירת גן,170,70,5.0,0,1,1,1,1,1,1,0,1,0,3400000
פרדס חנה כרכור,נוה פרדסים,דירה,151,0,5.0,1,1,1,1,1,0,0,1,1,1,2930000
ירושלים,הר נוף,דירה,90,0,3.0,1,1,0,0,1,1,0,1,1,1,2900000
רמלה,אין,בית פרטי/קוטג,289,170,4.5,1,1,0,0,0,0,0,0,0,1,2930000
באר שבע,שכונה ד,דירה,65,0,3.0,0,1,1,0,0,1,1,0,1,1,780000
טבריה,קרית שמואל,גג/פנטהאוז,185,0,8.0,2,1,1,0,1,1,1,0,1,0,1870000
אשקלון,נווה ההדרים,דירה,115,0,4.0,1,1,1,1,1,1,0,0,0,0,1850000
פתח תקווה,הדר המושבות,דירה,96,0,3.5,1,1,1,1,1,1,0,1,1,1,2750000
מגדל העמק,אין,דירה,180,0,4.0,1,1,1,1,1,1,0,1,0,1,1600000
חולון,שיכון חדש,בית פרטי/קוטג,250,140,5.5,0,1,0,0,0,1,0,1,0,1,4000000
מעלות תרשיחא,אין,בית פרטי/קוטג,386,50,7.0,3,1,1,1,0,0,1,0,1,1,0
להבים,אין,בית פרטי/קוטג,344,0,5.0,2,1,1,1,0,0,1,0,0,1,3700000
נתניה,רמת אפרים,בית פרטי/קוטג,308,0,7.0,0,1,1,1,0,0,1,0,0,1,3800000
גדרה,אין,דירת גן,233,110,4.0,0,1,1,1,1,0,0,0,1,1,3500000
ירושלים,גבעת משואה,דירת גן,180,120,3.0,2,1,0,0,0,1,0,0,1,0,2500000
חיפה,קרית חיים מזרחית,דירה,130,0,5.0,1,1,1,0,0,1,0,0,1,1,1530000
נהריה,מרכז העיר,דירה,115,0,4.0,2,1,1,1,1,1,1,1,0,1,2250000
טירת כרמל,"גלי כרמל, ז'בוטינסקי",דירה,144,0,5.0,1,1,1,1,1,1,1,1,1,1,2390000
מעלה אדומים,נחלים,דירה,73,0,2.5,1,1,0,0,0,1,0,1,1,0,1650000
צפת,אין,דופלקס,160,0,4.0,0,1,1,0,1,1,0,1,0,1,1500000
לוד,גני אביב,דירה,64,0,3.0,1,1,1,1,0,0,1,0,1,0,1400000
תל אביב יפו,הצפון הישן החלק הדרום מזרחי,דירה,111,0,4.5,1,1,0,0,1,1,1,0,0,0,8200000
טבריה,דוד רמז,גג/פנטהאוז,160,0,5.0,1,1,1,1,1,1,0,0,1,0,1890000
כפר סבא,אין,דירה,143,0,4.0,1,1,1,1,1,0,0,0,0,1,3650000
לוד,רמת אשכול,דירה,72,0,3.0,0,1,1,0,0,1,0,0,1,0,1030000
רחובות,אפריים;סלע,דירה,119,0,4.0,1,1,1,1,1,1,0,1,0,1,2570000
אפרת,אין,דופלקס,120,0,5.0,1,1,1,1,0,1,0,0,1,0,2840000
לוד,נווה זית,דירה,70,0,3.0,0,1,0,0,0,1,0,0,0,0,1490000
ראשון לציון,אברמוביץ',דירה,115,0,4.0,0,1,1,0,1,1,1,1,0,0,2600000
ירושלים,גבעת משואה,דירה,80,0,4.0,1,1,0,0,0,1,1,0,0,1,2650000
נתניה,מרכז העיר,דירה,85,0,3.0,0,1,0,0,1,1,0,0,0,0,2000000
באר יעקב,"גן המושבה, השדרה המרכזית",דירה,135,0,5.0,1,1,1,1,1,1,0,0,1,1,2880000
חיפה,קיבוץ גלויות,דירה,80,0,3.0,1,0,0,0,0,0,0,0,0,0,820000
פתח תקווה,אם המושבות,דירה,110,0,4.0,1,1,1,1,1,0,0,0,0,1,3160000
ירושלים,פסגת זאב מרכז,דירה,125,0,4.5,2,1,1,0,0,1,0,1,1,1,2600000
כפר סבא,אין,דירה,123,0,4.0,1,1,1,0,1,1,1,1,0,1,3190000
רחובות,קרית דוד,דירה,60,0,2.5,0,1,0,0,0,1,0,0,0,0,1420000
גדרה,אין,גג/פנטהאוז,150,60,5.0,1,1,1,1,1,1,0,1,0,1,3950000
נס ציונה,אין,דו משפחתי,300,160,6.5,3,1,1,1,0,1,0,0,0,1,6500000
ירושלים,בית ישראל,דירה,24,0,1.5,0,1,0,0,0,0,0,0,1,0,800000
חיפה,חליסה,דירה,80,0,3.0,0,1,1,0,0,1,0,0,0,1,0
באר שבע,שכונה ג,דירה,45,0,2.5,0,1,0,0,0,1,1,0,1,0,700000
לוד,אין,דירה,93,0,3.0,1,1,0,0,1,0,0,0,0,0,1700000
בת ים,אין,דירה,75,0,3.0,0,1,1,0,1,1,0,0,1,1,2200000
נשר,רמות יצחק,דירה,82,0,3.0,2,0,0,0,0,0,0,0,0,1,1300000
רמת השרון,אין,בית פרטי/קוטג,200,150,8.0,2,1,0,1,0,0,0,0,0,1,8500000
עפולה,מרכז העיר,גג/פנטהאוז,320,0,5.5,2,1,1,1,1,0,0,1,0,1,100000
ירוחם,אין,דירה,60,0,3.0,0,1,0,0,0,1,1,0,1,0,600000
נתניה,גלי הים,דירה,167,0,5.0,1,1,1,1,1,0,1,1,0,1,4290000
שדרות,אין,דירה,120,0,5.0,1,1,1,1,1,0,0,0,0,0,1720000
באר שבע,נווה זאב,דירה,3321,0,5.0,1,1,1,1,1,0,0,0,0,1,2170000
אלומה,אין,דירה,110,0,4.0,1,1,0,1,1,0,0,1,0,1,1850000
חיפה,קרית אליעזר,דירה,70,0,3.0,0,0,0,0,0,0,0,0,0,0,1400000
פתח תקווה,כפר גנים ג,דירה,137,0,5.0,1,1,1,1,1,0,0,1,1,1,3700000
גאולי תימן,אין,מגרשים,517,0,0.0,0,0,1,0,0,0,0,0,0,0,3950000
באר שבע,נווה זאב,דירה,146,0,4.0,2,1,1,1,1,1,0,1,1,0,1549000
יבנה,רמות וייצמן,דירה,83,0,4.0,0,1,0,0,0,1,0,0,0,0,1700000
בית שמש,אין,גג/פנטהאוז,153,0,5.0,2,0,1,1,1,0,0,1,0,1,3750000
אשקלון,האגמים,גג/פנטהאוז,240,0,5.0,2,1,1,1,1,1,1,1,1,1,2680000
ירושלים,קרית היובל,דירה,115,0,4.0,1,1,1,1,1,0,0,1,1,1,2760000
חדרה,אין,גג/פנטהאוז,187,0,5.5,1,1,1,1,1,1,0,1,1,1,4100000
זרועה,אין,בית פרטי/קוטג,600,470,4.0,2,1,1,1,0,1,1,1,1,1,2700000
אופקים,אין,גג/פנטהאוז,210,0,5.0,1,1,1,1,1,0,0,1,0,1,2600000
פרדס חנה כרכור,אין,דירה,94,0,4.0,0,1,1,1,1,0,0,1,0,1,17300000
ירושלים,תלפיות מזרח,דירת גן,90,0,4.5,0,1,1,0,0,1,0,1,1,1,2970000
גבעתיים,שיינקין,דירה,104,0,4.0,0,1,0,0,0,1,0,0,0,0,3480000
הוד השרון,גיל עמל,בית פרטי/קוטג,232,0,5.0,1,1,1,1,0,0,0,0,1,0,4700000
פתח תקווה,מחנה יהודה,דירה,78,0,3.5,0,1,1,0,0,0,0,0,0,0,1850000
חולון,קרית בן גוריון,דירה,90,0,4.0,1,1,1,0,1,1,0,0,0,0,2650000
בת ים,רמת הנשיא,דירה,68,0,3.0,0,1,0,0,0,1,0,0,1,0,0
מעלה אדומים,צמח השדה,דירה,140,0,5.0,1,1,0,1,0,0,0,0,1,0,2450000
פתח תקווה,"שיכון מפ""ם",דירה,50,0,3.0,0,1,0,0,0,0,0,0,1,0,1730000
תל אביב יפו,"מע""ר צפוני",דירה,89,0,3.0,1,0,1,0,1,0,0,0,0,0,4500000
אשקלון,ברנע ב,דירת גן,247,120,5.0,0,1,1,1,1,1,1,0,0,1,111111
ירושלים,פסגת זאב מרכז,דירה,80,0,3.0,1,1,0,0,0,1,0,0,1,0,2300000
חיפה,כרמל ותיק,דירה,95,0,4.5,0,1,1,0,0,0,0,0,0,1,1850000
קרית גת,"צה""ל",גג/פנטהאוז,170,0,5.0,1,1,1,1,1,0,0,0,0,0,2600000
רחובות,החלוץ;העבודה,דירה,130,0,4.0,0,1,1,0,1,1,0,1,1,0,2500000
רחובות,מילצ'ן;שעריים,דירה,137,0,5.0,1,1,1,1,1,0,0,1,1,1,3750000
אשדוד,רובע ה,דירה,80,0,3.0,0,1,0,0,0,1,0,0,1,1,1600000
הוד השרון,אין,דירה,156,0,5.0,1,1,1,1,1,0,0,1,1,1,4550000
אשדוד,רובע ה,דירה,140,0,4.5,1,1,1,1,1,1,1,0,0,0,2450000
תל אביב יפו,נווה גן;קרית שאול,דופלקס,160,0,5.0,1,1,1,1,1,0,0,1,0,0,5800000
אשדוד,רובע ו,דירה,110,0,4.0,1,1,0,1,1,1,0,1,1,0,2300000
מעלות תרשיחא,אין,דו משפחתי,190,0,6.0,3,1,1,1,0,1,0,0,1,1,1850000
דימונה,שכונה ממשית,דירה,125,0,4.0,1,1,1,1,1,0,1,0,1,1,1250000
ירושלים,פסגת זאב מזרח,בית פרטי/קוטג,270,150,6.0,1,1,1,1,0,1,0,0,1,0,3650000
חריש,אין,דירה,160,0,4.0,2,1,1,1,1,0,0,1,0,1,1700000
פתח תקווה,כפר גנים ג,דופלקס,230,0,6.0,2,1,1,1,1,0,0,1,0,1,0
ירושלים,נוה יעקב,דירה,35,0,2.0,1,1,1,1,1,1,0,1,1,0,1650000
נהריה,מרכז העיר,דירה,119,0,4.0,1,1,1,1,1,0,0,0,1,1,1949000
ראש העין,אין,דירה,132,0,4.0,1,1,1,1,1,0,0,1,1,1,2750000
אופקים,אין,דירה,100,0,4.0,0,1,0,0,0,1,0,0,1,0,0
קרית מוצקין,אין,דירה,135,0,5.0,1,1,1,1,1,0,0,1,0,1,2370000
תל אביב יפו,המשתלה,דירה,122,0,5.0,1,1,1,1,1,0,0,0,0,1,6000000
ראשון לציון,מישור הנוף,דירה,80,0,3.0,1,1,1,1,1,0,0,1,0,0,2400000
ענב,אין,בית פרטי/קוטג,605,420,7.0,1,1,1,1,0,1,1,1,0,1,1800000
נתניה,מרכז העיר,דירה,100,0,4.0,0,1,1,0,1,0,0,1,0,0,2200000
רחובות,שעריים מזרחי,דירה,140,0,5.0,1,1,1,1,1,1,0,0,1,1,3600000
חיפה,כרמליה,דירה,106,0,4.0,1,1,1,1,1,0,0,1,1,1,2600000
יבנה,השכונה הירוקה,דירה,126,0,4.0,1,1,1,1,1,0,1,1,0,1,2800000
קרית גת,גליקסון,דירה,70,0,3.0,0,1,0,0,0,1,0,0,1,0,860000
בני ברק,שכון ה',דירת גן,180,60,5.0,2,1,0,1,1,1,1,1,1,1,4200000
אשדוד,רובע א,דירה,150,0,4.0,1,1,1,0,1,0,0,0,0,0,3300000
חולון,קריית שרת,דירה,90,0,4.0,1,1,0,1,1,0,0,0,0,0,2280000
ראשון לציון,שיכוני המזרח,בית פרטי/קוטג,250,0,7.0,0,1,1,0,0,1,0,0,0,0,6150000
גבעתיים,קריית יוסף,דירה,80,0,3.0,0,1,0,0,0,1,0,0,0,1,2950000
טלמון,אין,דירת גן,190,50,5.0,1,1,1,1,1,0,0,1,0,0,2000000
ירוחם,אין,דירה,63,0,3.0,0,1,0,0,0,0,0,0,0,0,610000
בת ים,צפון מערב,דירת סטודיו,36,0,2.0,0,1,1,0,0,0,0,0,1,0,1090000
באר שבע,רמות,דירה,103,0,3.5,1,1,1,1,1,0,0,0,0,0,1380000
אור יהודה,אין,דירה,166,0,5.0,1,1,1,1,1,0,0,1,1,1,3500000
אשקלון,גולדה,דירה,80,0,3.5,1,1,1,1,1,0,0,1,0,0,1390000
ראשון לציון,קרית ראשון;קריית כרמים,דירה,82,0,3.5,1,1,0,0,1,1,1,0,0,0,2600000
אילת,גנים א,בית פרטי/קוטג,740,460,5.0,2,1,1,1,0,1,0,0,0,1,4600000
תל אביב יפו,נוה אביבים,דירה,98,0,3.5,0,1,1,0,1,0,0,0,0,0,4500000
חדרה,הפארק,דירה,148,0,4.0,1,1,1,1,1,0,0,1,0,1,2150000
מעלות תרשיחא,אין,דירה,71,0,3.0,0,0,1,0,0,0,0,0,1,0,615000
גדרה,אין,דירה,135,0,4.0,2,1,1,1,1,0,0,0,0,0,2650000
נתיבות,אין,דירה,148,0,5.0,1,1,1,1,1,0,0,0,0,1,1560000
בת ים,מערב,דירה,90,0,4.0,0,1,0,0,1,1,0,1,1,0,2400000
חריש,אין,דירה,101,0,4.0,1,1,1,1,1,1,0,1,0,1,1650000
כפר סבא,אלי כהן;הפארק,דו משפחתי,278,78,7.5,0,1,1,1,0,0,0,0,0,0,7500000
ירושלים,קרית משה,דירה,40,0,2.0,1,0,1,1,1,1,0,1,0,1,2250000
קרית אתא,גבעת אלונים,דירה,124,0,4.0,1,1,1,1,1,0,1,0,0,1,1870000
רחובות,אפריים;סלע,דירה,98,0,4.0,1,1,1,1,1,1,0,1,0,0,2390000
באר שבע,נווה מנחם,דופלקס,114,0,4.0,0,1,1,1,0,1,0,1,0,1,1370000
זכרון יעקב,נווה שרת,בית פרטי/קוטג,300,200,5.0,0,1,0,1,0,0,1,1,0,1,5500000
נתניה,אגמים,דירה,148,0,4.0,1,1,1,1,1,0,0,1,0,1,3590000
מודיעין מכבים רעות,משואה (גבעת C),דירה,175,0,5.0,2,0,1,1,1,0,0,1,0,1,3550000
באר שבע,מרכז אזרחי,דירה,100,0,4.0,0,1,1,0,1,1,1,1,0,1,1350000
באר יעקב,רסידו סיטי,דירה,147,0,4.0,1,1,1,1,1,0,0,1,1,1,3025000
נתניה,אין,דירה,167,0,5.0,1,1,1,1,1,0,1,0,0,1,3150000
אשקלון,נווה אילן,דירה,95,0,4.0,2,1,0,1,0,0,0,0,0,0,1450000
קרית ביאליק,צור שלום,דירה,92,0,4.0,0,1,1,1,1,1,0,1,0,1,1310000
פתח תקווה,הדר גנים;גני הדר,דירה,72,0,3.0,1,1,0,1,1,1,0,0,0,0,2100000
בית שמש,רמת בית שמש א',דירה,98,0,3.5,1,1,1,1,1,1,0,1,1,1,1992000
נהריה,"גבעת כצנלסון, גבעת שרת וקרית עשור",דירה,90,0,4.0,0,0,0,0,0,0,0,0,0,0,0
כפר סבא,שיכון עליה ושבזי,בית פרטי/קוטג,250,0,10.0,2,0,1,1,0,0,0,0,0,0,0
קרית ביאליק,מרכז העיר,דירה,85,0,4.0,0,1,1,1,0,1,0,0,0,1,0
מעלה אדומים,נופי סלע,דירה,121,0,4.0,1,1,1,1,1,0,0,0,1,1,2250000
קרית שמונה,אין,בית פרטי/קוטג,700,565,6.0,4,1,0,1,0,1,0,0,1,1,2950000
כפר יונה,אין,דירה,130,0,4.0,2,1,1,0,1,0,1,1,0,1,2700000
רחובות,היובל,דירה,86,0,4.0,1,1,1,1,1,1,0,1,1,0,2400000
ירושלים,מורשה,דירה,125,0,5.0,1,1,1,1,1,1,0,0,1,1,5260000
חדרה,אין,מגרשים,180,0,0.0,1,0,1,0,0,0,0,0,0,0,198000
קרית גת,אתרי המקרא,דירה,84,0,3.0,1,1,0,0,0,1,0,0,1,0,1400000
ראש העין,פסגות אפק,דירה,117,0,4.0,1,1,1,1,1,0,0,0,0,1,2790000
מגדל העמק,אין,דירת גן,180,80,4.0,1,1,1,0,1,1,0,0,0,1,1650000
קרית אתא,מרכז העיר,דירה,70,0,3.0,0,0,0,0,0,0,0,0,0,1,760000
ירושלים,"תלפיות, ארנונה",דירה,110,0,4.0,2,1,1,0,0,0,0,0,1,1,3250000
בית אריה / עופרים,אין,בית פרטי/קוטג,500,380,4.0,0,1,1,1,0,1,0,0,0,1,3500000
באר שבע,שכונה ו,דירה,82,0,3.0,1,1,1,1,0,1,0,0,1,0,1100000
בת ים,אזור התעשייה,דירה,63,0,3.0,1,0,1,1,1,0,0,0,0,0,2100000
חיפה,קרית חיים מזרחית,טריפלקס,147,20,5.5,0,1,1,0,0,0,0,0,1,1,1620000
בית שמש,"שז""ר",דירה,110,0,3.0,2,0,1,1,1,0,0,0,0,1,2150000
הוד השרון,הדר,דירה,100,0,3.0,0,1,1,0,1,1,1,1,1,0,2970000
אשקלון,נווה דקלים,דירה,71,0,3.0,0,1,1,0,0,0,1,0,0,0,1310000
נתניה,קרית השרון,דירה,108,0,4.0,1,1,1,1,1,0,0,0,1,0,2770000
חולון,נאות רחל,דירה,85,0,4.0,0,1,1,0,0,0,0,0,0,1,2100000
אשדוד,רובע טז,דירה,125,0,4.0,1,1,1,1,1,0,1,1,0,0,2349000
גן חיים,אין,משק חקלאי/נחלה,650,400,6.0,0,0,1,0,0,0,0,0,0,0,18000000
קרית גת,אין,דו משפחתי,350,150,0.0,0,0,1,0,0,0,0,0,0,0,4550000
ערד,אין,דירה,70,0,3.0,0,1,0,0,0,0,0,0,0,0,720000
אשקלון,נאות אשקלון,דירה,107,0,5.0,2,1,1,0,1,1,0,0,0,0,1590000
חיפה,גבעת דאונס,דירה,85,0,4.0,0,1,1,0,0,0,0,0,0,1,1600000
תל אביב יפו,קרית שלום,דירה,80,0,4.0,1,1,1,0,0,1,0,0,1,0,3800000
עכו,מנחם בגין,דירה,40,0,2.0,0,1,0,0,1,1,1,0,0,0,650000
קרני שומרון,אין,דירת גן,240,70,4.0,0,1,0,1,0,0,1,0,0,0,2290000
אור יהודה,שיכון ממשלתי,בית פרטי/קוטג,410,410,6.0,3,1,1,1,0,0,1,1,1,1,4150000
קרית אתא,גבעת הרקפות,דירה,63,0,3.0,2,1,0,0,0,0,1,0,1,0,850000
צבעון,אין,מגרשים,655,0,0.0,0,0,0,0,0,0,0,0,0,0,1500000
נשר,תל חנן,דירה,89,0,3.0,1,0,1,1,1,0,0,1,0,1,1400000
בת ים,מרכז,דירה,55,0,2.0,0,0,0,0,0,0,0,0,0,0,4300
אור יהודה,אין,דירה,79,0,3.5,0,1,1,0,0,1,1,0,1,0,2060000
ירושלים,רמות,דירה,70,0,3.0,1,1,1,0,0,0,0,0,1,1,2420000
שערי תקווה,אין,בית פרטי/קוטג,300,0,5.5,2,1,0,1,0,0,0,0,1,0,0
באר שבע,שכונה ו,דירה,76,0,3.0,0,0,0,0,0,0,0,0,1,1,700000
חדרה,עין הים,דירה,136,0,5.0,1,1,1,1,1,1,0,0,0,1,2500000
פתח תקווה,כפר גנים ב,דירה,95,0,4.0,0,1,1,0,0,0,0,0,0,0,0
בני ברק,קרית הרצוג,דירה,200,0,6.5,2,1,1,1,0,1,1,1,1,1,3800000
ביתר עילית,התמר,דירה,250,0,6.0,3,1,0,1,0,0,0,0,1,1,4500000
אשדוד,רובע ג,דירה,55,0,2.0,0,1,0,0,0,0,0,0,0,0,1579000
נתניה,קרית נורדאו,דירה,70,0,3.0,0,1,1,0,1,0,0,1,0,1,1790000
באר שבע,רמות,בית פרטי/קוטג,365,228,5.0,0,1,1,1,0,1,0,0,1,1,2050000
ירושלים,חומת שמואל;הר חומה,דירה,78,0,3.5,1,1,1,1,1,0,0,0,0,0,2300000
פתח תקווה,הדר גנים;גני הדר,דירה,110,0,4.0,1,1,1,1,1,0,0,1,0,1,2950000
תל אביב יפו,רמת החייל,דו משפחתי,300,200,4.0,2,1,0,0,0,0,0,0,1,1,7300000
ראשון לציון,"רמב""ם",דירה,96,0,3.0,1,1,1,0,1,0,0,1,0,1,2450000
חיפה,קריית שמואל,דירה,70,0,3.0,1,1,0,0,0,0,0,0,0,0,970000
שוהם,אלונים,דירה,115,0,5.0,1,1,1,1,1,0,0,0,0,1,1800000
חיפה,נווה דוד,דירה,75,0,3.0,1,1,1,1,1,1,0,1,0,0,1500000
שדרות,נאות המייסדים,מגרשים,367,0,0.0,0,0,0,0,0,0,0,0,0,0,0
חולון,אין,דירה,110,0,4.0,0,1,1,0,1,0,1,1,1,0,2600000
רעננה,אין,דירה,137,0,5.0,1,1,1,1,1,1,0,1,0,1,4700000
רחובות,אין,גג/פנטהאוז,170,0,5.0,1,1,1,1,1,0,0,0,0,1,0
רמת גן,מרכז העיר א',דירה,90,0,3.0,0,1,1,0,1,1,0,1,1,0,3300000
ראש העין,נוה אפק,דופלקס,166,0,6.5,1,1,1,0,0,1,0,0,0,1,3350000
רחובות,מרמורק,דירה,140,0,4.0,2,0,1,1,0,1,0,0,0,0,2550000
אור יהודה,נווה סביון,דירה,100,0,3.0,1,1,1,0,1,0,0,0,0,0,2550000
הרצליה,מרכז,דופלקס,200,0,7.0,2,1,1,1,1,0,0,1,0,0,4350000
ראשון לציון,כצנלסון,גג/פנטהאוז,100,0,4.0,0,1,1,0,1,1,0,1,0,0,2750000
נתיבות,אין,מגרשים,780,0,0.0,0,0,0,0,0,0,0,0,0,0,2440000
באר שבע,שכונה ו,דירת גן,161,75,3.0,2,1,1,1,1,1,0,0,0,1,1290000
נתניה,מרכז העיר,דירה,108,0,4.0,1,1,1,1,1,1,1,1,0,1,2700000
מגדל העמק,אין,דירת גן,186,0,4.0,0,1,1,1,1,0,1,1,0,1,1650000
ראשון לציון,השומר,דירה,76,0,3.0,0,1,1,0,0,1,0,0,0,0,2150000
חיפה,רמת בן גוריון,דירת גן,56,0,2.0,0,1,0,0,0,0,1,0,1,0,1600000
רחובות,רחובות ההולנדית,דירה,102,0,4.5,1,1,1,1,1,1,1,1,0,0,2580000
אשקלון,אין,דירה,110,0,4.0,1,1,1,1,1,1,0,1,0,0,1850000
מזכרת בתיה,אין,דירה,150,0,5.0,2,1,1,1,1,0,1,1,0,1,3150000
נהריה,נווה יצחק רבין (נהריה הירוקה),דירה,115,0,4.0,1,1,1,1,1,0,1,0,0,1,1610000
קרית שמונה,אין,בניין מגורים,100,0,0.0,0,1,0,0,1,0,1,0,0,1,1100000
יוקנעם עילית,שער הגיא,גג/פנטהאוז,100,0,3.0,1,1,1,1,1,0,0,0,0,0,1990000
מודיעין עילית,אחוזת ברכפלד,דירה,125,0,3.0,1,1,0,1,1,0,0,1,1,0,2000000
עכו,מנחם בגין,בית פרטי/קוטג,500,500,8.0,2,1,1,1,0,0,0,1,0,1,3800000
בית שמש,אין,דירה,120,0,5.0,2,0,1,1,1,0,0,1,0,1,2720000
מנות,אין,בית פרטי/קוטג,730,270,6.0,1,1,1,1,0,0,0,0,0,1,3900000
רמת גן,רמת עמידר,דירת גן,39,80,2.5,0,1,1,0,0,0,0,0,1,0,1600000
חולון,שיכון חדש,בית פרטי/קוטג,130,25,5.0,1,1,1,1,0,1,0,1,1,0,2350000
חולון,אגרובנק,דירה,125,0,5.0,2,1,1,1,1,1,0,1,0,0,3250000
אשדוד,רובע ו,דירת גן,145,45,4.0,1,1,1,1,0,0,0,1,1,0,2430000
נתיבות,אין,דירה,150,0,5.0,2,1,1,1,1,0,0,1,1,1,0
ראש העין,אין,דירה,117,0,4.0,1,1,1,1,1,1,0,0,1,1,2750000
אשקלון,נווה דקלים,גג/פנטהאוז,167,0,5.0,1,1,1,0,1,0,0,1,0,1,2750000
ירוחם,אין,גג/פנטהאוז,135,0,5.0,1,1,1,1,0,1,0,0,0,1,0
חריש,אין,גג/פנטהאוז,239,0,5.0,2,1,1,1,1,0,0,0,1,1,2890000
ראשון לציון,"מב""ת צפון",מגרשים,250,0,0.0,0,0,0,0,0,0,0,0,0,0,390000
חולון,אין,דירה,149,0,5.0,1,1,1,1,1,0,1,1,0,1,3890000
דימונה,אין,דירת גן,1,210,4.0,0,1,1,1,0,1,1,1,0,1,1850000
מצפה רמון,אין,דירה,110,0,3.0,2,0,1,1,0,1,0,0,0,1,0
זכרון יעקב,גבעת עדן,בית פרטי/קוטג,600,0,7.0,3,1,1,1,0,1,0,0,1,1,7500000
כפר תבור,אין,מגרשים,2000,0,0.0,0,0,0,0,0,0,0,0,0,0,770000
גדרה,אין,דירה,105,0,4.0,0,1,0,0,0,0,0,0,1,0,1900000
רחובות,אבני חן,בית פרטי/קוטג,265,25,8.5,1,1,1,1,0,1,0,0,1,0,8500000
שדרות,נאות אשכול,דירה,110,0,5.0,0,1,1,1,0,1,0,0,1,0,990000
חריש,אין,גג/פנטהאוז,130,0,4.0,2,1,1,1,1,0,0,1,0,1,2200000
אשקלון,אפרידר,דירה,81,0,3.5,2,1,1,0,0,0,1,0,0,0,1100000
חדרה,ברנדייס,פרטי/קוטג,275,410,9.0,0,1,1,1,0,0,0,0,1,1,5980000
חיפה,קרית חיים מזרחית,דירה,70,0,3.0,0,1,0,0,0,1,0,0,0,1,1050000
בת ים,בית וגן,דירה,70,0,2.5,0,1,0,0,0,1,0,0,0,0,1860000
קרית אתא,אברמסקי,דירה,3,0,4.0,1,1,1,1,1,1,0,1,0,1,1400000
גני תקווה,ישמח משה,דירה,125,0,4.0,1,1,0,0,1,1,1,1,1,1,2900000
חיפה,כרמל ותיק,דירה,106,0,5.0,2,1,1,1,1,1,0,1,0,1,0
רמת השרון,אין,גג/פנטהאוז,130,0,3.5,1,1,1,0,0,0,0,0,0,1,3450000
דימונה,שכונה ממשית,דירה,134,0,5.0,0,1,0,1,1,0,0,0,0,1,1300000
פתח תקווה,יוספטל,דירה,55,0,3.0,0,1,0,0,0,0,0,0,1,0,1700000
בית שמש,רמת בית שמש ג',דירה,86,0,3.5,1,1,1,1,1,1,0,0,1,1,2185000
ראשון לציון,קרית ראשון;קריית כרמים,דירה,114,0,4.0,2,1,1,0,1,1,1,1,0,1,2850000
גבעת זאב,אין,דירה,160,0,4.5,1,1,1,1,1,1,1,1,1,1,3100000
נשר,תל חנן,דירה,77,0,3.0,1,1,1,1,1,0,0,0,0,0,1330000
הוד השרון,מתחם 1200,דירה,144,0,5.0,0,1,0,1,1,0,1,0,1,1,4700000
בת ים,שיכון ותיקים,דירה,70,0,3.0,0,1,0,0,1,1,0,1,1,0,2100000
ירושלים,קרית מנחם,דירת גן,87,41,3.0,1,1,0,0,0,1,0,0,1,0,2400000
ירושלים,פסגת זאב מערב,דירה,85,0,4.0,1,1,1,0,1,1,0,0,1,0,2300000
קרית גת,אין,דירה,104,0,3.5,1,1,1,1,1,0,0,0,1,1,1770000
קרית עקרון,אין,דירה,52,0,2.0,0,1,0,0,0,1,1,0,0,0,1300000
באר שבע,אין,דירה,133,0,4.0,1,1,1,1,1,0,0,1,1,1,1720000
רחובות,החלוץ;העבודה,דירה,10,0,3.0,0,1,0,1,1,0,0,1,0,0,2170000
מוצא עילית,אין,דו משפחתי,240,70,6.0,2,1,1,1,0,1,0,0,0,0,6350000
פרדס חנה כרכור,נוה פרדסים,דירה,92,0,4.0,0,1,1,1,1,0,0,1,0,1,1730000
דימונה,אין,דירה,56,0,3.0,0,0,0,0,0,1,1,0,0,0,515000
רמת גן,מרכז העיר א',דירה,108,0,4.0,1,1,1,1,1,0,0,1,0,1,4200000
אלקנה,אין,דירה,255,0,5.0,2,1,1,1,1,0,0,1,0,1,2800000
דימונה,אין,בית פרטי/קוטג,490,310,5.5,1,1,1,1,0,1,0,1,0,1,2500000
נתיבות,אין,דירה,134,0,4.0,1,1,1,1,1,0,0,1,0,1,1420000
ראשון לציון,קרית ראשון;קריית כרמים,דירה,150,0,5.0,1,1,1,1,1,0,0,0,0,1,4300000
באר שבע,שיכון דרום,דירה,120,0,4.0,1,1,1,1,1,0,0,1,0,0,1500000
זכרון יעקב,יעקב,דו משפחתי,3,0,6.0,1,1,1,1,0,0,0,0,0,1,3700000
קרית גת,הפרחים,דירה,120,0,5.0,1,1,1,1,1,1,1,1,0,0,2060000
נס ציונה,אין,דו משפחתי,590,495,3.0,2,1,1,0,0,1,0,1,1,1,5950000
רמת גן,רמת שקמה,דירה,80,0,3.0,1,1,0,0,0,1,0,0,0,0,2250000
לוד,רמת אלישיב,דירה,100,0,5.0,0,1,1,0,1,0,1,1,0,0,1900000
חריש,אין,דירה,109,0,4.0,1,1,1,1,1,0,1,1,1,1,1850000
נתניה,קרית השרון,דירה,106,0,4.0,1,1,1,1,1,0,0,0,1,1,2800000
ירושלים,פסגת זאב מזרח,דופלקס,130,0,5.0,3,1,0,0,0,1,1,0,0,0,2685000
באר שבע,שכונה ב,דירה,130,0,4.0,1,1,1,1,1,1,1,1,0,0,1590000
ריחן,אין,בית פרטי/קוטג,506,350,4.0,2,1,1,1,0,0,0,1,0,1,2600000
פרדס חנה כרכור,אין,דירה,140,0,5.0,1,1,1,1,1,0,0,1,1,1,2560000
נתניה,מרכז העיר,דירה,120,0,5.0,0,1,1,0,1,1,0,1,0,0,2550000
טבריה,אין,דירה,104,0,4.0,1,1,0,1,1,0,0,0,1,0,1450000
דימונה,אין,דירה,85,0,3.5,1,1,1,0,0,1,1,0,0,1,720000
תל אביב יפו,רמת החייל,דירת גן,140,50,3.5,2,1,0,0,0,0,0,0,1,1,4200000
כפר יונה,אין,דו משפחתי,500,0,4.0,2,1,1,0,0,1,0,0,0,1,5500000
חולון,שדרת המגדלים ח-501,דירה,120,0,5.0,1,1,1,1,1,1,0,0,0,1,3650000
רמלה,קרית האמנים,דירה,120,0,4.0,1,0,1,1,1,0,0,0,0,1,2240000
בת ים,בית אליעזר,דירה,67,0,2.5,0,1,0,0,0,0,0,0,0,0,1870000
ראשון לציון,"רמב""ם",דירה,90,0,4.0,1,1,0,1,1,1,0,0,0,0,2150000
נתיבות,אין,מגרשים,413,0,0.0,0,0,0,0,0,0,0,1,0,0,1330000
קרית גת,מגדים,דירה,52,0,2.5,0,1,0,0,0,1,0,0,1,0,0
אשקלון,נווה ים,דירה,70,0,3.0,0,1,0,0,0,1,0,0,1,0,1000070
שדרות,נאות המייסדים,דירה,99,0,3.0,1,0,1,1,1,0,0,1,0,0,1100000
אשקלון,שקמים,דירה,80,0,4.0,0,1,0,0,0,0,0,0,0,0,1100000
נופים,אין,דירה,120,0,5.0,2,1,1,1,0,1,1,1,0,1,2950000
דימונה,שכונה ממשית,דירה,120,0,4.0,1,1,1,1,1,0,0,1,0,0,1070000
אשקלון,אין,דירה,119,0,4.0,1,1,1,1,1,1,0,1,0,0,1700000
כפר יונה,אין,מגרשים,270,0,0.0,0,0,0,0,0,0,0,0,0,0,4200000
אילת,אופיר,דירה,70,0,3.0,0,1,0,0,0,0,1,0,0,0,1200000
ראש העין,גבעת הסלעים,דירה,105,0,4.0,0,1,0,0,0,1,0,0,1,0,2420000
שדרות,נאות אשכול,דירת גן,200,100,4.0,1,1,1,1,0,1,0,0,1,0,1880000
פתח תקווה,נווה גן,דירה,84,0,3.0,1,1,1,1,1,0,1,0,1,1,2550000
לפיד,אין,דו משפחתי,350,0,0.0,1,1,1,1,0,0,0,0,1,1,4700000
קרית אתא,מרכז העיר,דירה,155,0,5.0,1,1,1,1,1,1,0,0,0,1,1900000
כרמיאל,שגיא,בית פרטי/קוטג,780,140,8.0,2,1,1,1,0,1,1,0,1,1,3600000
עכו,"אברהם דנינו, בן גוריון",דירה,92,0,3.5,1,1,1,1,1,1,0,0,0,1,1250000
ירושלים,קרית משה,דירה,119,0,5.0,3,1,0,1,1,1,1,0,0,1,4650000
כפר יונה,אין,דירה,148,0,5.0,1,1,1,1,1,0,0,0,0,1,3000000
חריש,אין,דירה,118,0,4.0,2,1,1,1,1,0,0,1,0,1,1629000
פתח תקווה,הדר המושבות,דירה,130,0,5.0,0,0,1,1,1,0,0,1,1,0,3430000
חיפה,רמת התשבי,דירה,89,0,3.5,0,1,0,0,0,1,0,0,1,1,1560000
ראש העין,"רמב""ם",דירה,116,0,4.0,1,1,1,1,1,0,0,0,1,1,2700000
ירושלים,רמות,דו משפחתי,177,12,8.0,3,1,0,0,0,1,1,0,1,0,5100000
קדומים,אין,בית פרטי/קוטג,400,350,6.0,2,1,1,0,0,1,0,0,1,1,2550000
חיפה,שמבור,דופלקס,115,0,4.0,2,1,0,0,0,1,0,0,0,1,2100000
אשקלון,נווה דקלים,דירה,200,0,5.5,1,1,1,0,0,1,1,0,0,1,2350000
נתניה,אין,דירה,152,0,5.0,1,1,1,1,1,1,0,1,1,1,3750000
טבריה,גאולים,דירה,100,0,4.0,1,1,0,0,0,1,0,0,1,0,1000000
חולון,ג'סי כהן,דירה,58,0,2.5,0,1,0,0,0,0,0,0,0,0,1870000
טירת כרמל,אין,גג/פנטהאוז,1,0,4.5,2,0,1,0,0,0,0,0,0,0,1950000
תל אביב יפו,שיכון בבלי,דירה,170,0,5.0,1,1,1,1,1,0,0,0,0,1,10690000
בית שמש,מרכז העיר,דירה,85,0,4.0,1,1,0,1,1,1,0,0,1,0,1750000
אשדוד,רובע טו,גג/פנטהאוז,200,0,5.0,2,1,1,1,1,1,0,1,0,1,3500000
רמת גן,שיכון מזרחי,דירה,113,0,4.0,1,1,1,1,1,0,1,1,1,0,3350000
אשקלון,גני ברנע,דו משפחתי,338,240,4.0,1,1,1,1,0,0,0,0,0,0,0
ירושלים,קטמון הישנה,דירה,107,0,3.0,1,1,0,0,0,1,0,0,0,0,3300000
קרית גת,אין,דירה,108,0,4.0,1,1,1,1,1,1,1,0,0,1,1980000
קרית גת,רובע הבנים,דירה,112,0,4.0,1,1,1,1,1,1,0,0,1,1,1850000
אורנית,אין,דו משפחתי,330,120,6.0,0,1,0,1,0,0,0,0,0,0,4550000
ירושלים,תלפיות מזרח,דירת גן,170,0,6.0,2,1,0,1,0,0,1,0,1,1,4078000
חדרה,מרכז העיר,דירה,139,0,4.0,1,1,1,1,1,1,0,1,0,0,2
אשדוד,רובע א,דירה,215,0,5.0,1,1,1,1,1,1,0,1,0,1,4500000
רמת גן,מתחם נגבה,דירה,150,0,5.0,1,1,1,1,1,0,0,1,1,0,3790000
חדרה,אין,דירה,140,0,4.0,1,1,1,1,1,0,0,1,0,1,3250000
גן יבנה,אין,בית פרטי/קוטג,300,170,6.0,0,1,1,1,0,1,0,1,0,0,4680000
רמת גן,תל יהודה,דירה,68,0,2.5,1,1,0,0,0,0,0,0,0,0,21000000
טבריה,פלוס 200,דירה,75,0,3.0,0,1,0,0,0,1,0,0,0,0,780000
אורנית,אין,דירת גן,120,40,4.0,1,1,1,1,0,1,0,0,0,0,2790000
ירושלים,אין,גג/פנטהאוז,150,0,6.0,1,1,1,1,1,1,0,1,1,1,4400000
קרית אונו,פסגת אונו,דירה,130,0,4.0,1,1,1,1,1,1,0,0,0,1,3790000
פתח תקווה,נווה גן,דירה,142,0,6.0,2,1,1,1,1,0,0,1,1,1,3900000
רחובות,החלוץ;העבודה,גג/פנטהאוז,120,0,4.0,2,1,1,1,1,1,0,1,0,1,4100000
חדרה,אין,דירה,67,0,2.5,1,1,1,1,1,1,0,1,0,0,1650000
בת ים,שיכון ותיקים,דירה,62,0,2.5,0,1,0,0,0,0,0,0,0,0,1830000
כפר סבא,אין,דירה,120,0,4.0,1,1,1,1,1,0,1,1,0,1,3500000
פתח תקווה,אין,דירה,135,0,0.0,1,1,1,1,1,1,1,1,1,1,2
שוהם,גבעולים,בית פרטי/קוטג,355,165,6.0,1,1,1,1,0,0,1,0,1,1,4665000
מגדל העמק,אין,דירת גן,186,86,4.0,0,1,1,1,1,1,1,1,0,1,1650000
אשקלון,בן גוריון,בניין מגורים,60,0,0.0,0,1,0,0,0,0,0,0,0,0,1055000
פתח תקווה,מרכז העיר דרום,דירה,110,0,3.5,1,1,0,1,1,1,1,1,1,0,2450000
קרית יערים,אין,גג/פנטהאוז,400,0,5.0,1,1,1,0,1,0,1,1,0,0,5300000
חולון,שיכון ותיקים,גג/פנטהאוז,209,0,5.0,2,1,1,1,1,0,0,1,0,1,3920000
ראשון לציון,נאות שקמה,דופלקס,130,0,5.0,2,1,1,1,1,1,0,0,1,1,2
רמלה,נווה רם,דירה,65,0,3.0,0,1,0,0,0,0,0,0,0,0,1290000
ירושלים,רמות אשכול,דירה,120,0,0.0,1,1,0,1,1,1,0,1,1,1,5200000
מעלה אדומים,מגדים,דירת גן,326,212,4.0,1,1,0,0,0,1,0,0,1,1,2545000
באר יעקב,"גן המושבה, השדרה המרכזית",דירה,150,0,5.5,2,1,1,1,1,1,0,1,1,1,3330000
לוד,"חב""ד",דירה,70,0,3.0,0,1,0,0,0,1,0,0,1,0,1270000
קרית אתא,אין,דו משפחתי,280,0,5.0,2,0,1,1,0,0,0,0,0,1,4250000
אשדוד,רובע ח,דירה,100,0,4.0,2,1,1,1,1,1,0,1,1,1,2120000
חצור הגלילית,אין,דירה,88,0,4.0,0,1,0,0,0,1,1,0,0,1,2
חדרה,ברנדייס,בית פרטי/קוטג,400,230,7.0,2,1,1,1,0,0,0,1,0,1,5100000
תל אביב יפו,כוכב הצפון,דירה,107,0,4.0,1,1,1,1,1,1,0,1,0,1,5800000
ירושלים,"תלפיות, ארנונה",דירה,80,0,4.0,0,1,0,0,0,1,0,0,1,0,2700000
חולון,אגרובנק,דירה,130,0,5.0,0,1,1,0,0,1,0,0,1,0,3250000
פרדס חנה כרכור,נוה פרדסים,דירה,122,0,5.0,1,1,1,1,1,0,0,1,1,1,2285000
פתח תקווה,נווה מעוז,דירת גן,110,40,3.0,1,1,1,1,1,0,0,1,1,0,2450000
קרית ים,קרית ים ג,דירת גן,250,150,3.0,2,1,1,1,0,1,0,1,0,1,1150000
אשדוד,רובע ד,דירה,98,0,3.0,0,1,0,0,1,1,0,0,0,1,1920000
הרצליה,אין,דירה,119,0,4.0,1,1,1,1,1,0,0,0,1,1,5250000
תל אביב יפו,הדר יוסף,דירה,100,0,4.0,0,1,0,0,0,1,0,0,0,0,4950000
רמת גן,רמת עמידר,דירת גן,60,0,2.5,0,1,0,0,0,0,0,1,1,0,2200000
חיפה,רמת ויזניץ,דירת גג,140,0,4.0,1,1,1,1,0,0,1,0,1,1,0
קרית אונו,עבר הירדן,דירה,142,0,5.0,1,1,1,1,1,0,0,1,0,1,4200000
זכרון יעקב,רמת צבי,דו משפחתי,270,0,5.5,1,1,0,0,0,1,0,0,0,1,3850000
חולון,קריית שרת,דירה,105,0,4.0,0,1,1,0,1,1,1,1,1,0,3000000
אשדוד,רובע ד,דירה,112,0,4.0,1,1,1,0,1,0,0,0,0,0,0
ירוחם,אין,דירה,60,0,3.0,0,1,0,0,0,1,1,0,1,0,600
עפולה,אין,דירה,137,0,5.0,1,1,1,1,1,0,0,0,0,1,1600000
רמת גן,שיכון מזרחי,דירה,84,0,4.0,0,1,1,0,1,1,0,0,0,0,2500000
חדרה,האוצר,דירה,117,0,4.0,2,1,1,0,0,0,0,0,0,0,1750000
בני ברק,תל גיבורים,דירת גן,130,30,4.0,1,1,0,1,1,1,1,1,1,0,2650000
דימונה,אין,דירה,77,0,3.0,0,1,0,0,0,0,0,0,0,0,650000
טירת כרמל,אין,דירה,10,0,5.0,1,1,1,1,1,0,0,1,0,1,20145000
פתח תקווה,הדר גנים;גני הדר,דו משפחתי,325,200,6.0,2,1,1,0,0,0,0,0,1,0,2
נתניה,גלי הים,דירה,165,0,4.5,1,1,1,1,0,0,1,1,0,1,4790000
אופקים,אין,דירת גן,280,150,5.0,0,1,0,1,0,0,0,0,1,1,2180000
עץ אפרים,אין,דו משפחתי,270,70,8.0,1,1,1,1,0,0,0,1,0,0,4150000
ראש העין,פסגות אפק,דירת גן,280,140,5.0,0,1,1,1,1,0,0,1,1,0,4100000
אילת,מרכז העיר,דירה,100,0,4.0,1,1,1,1,1,0,0,1,0,0,2000000
ראש העין,פסגות אפק,דירה,92,0,3.0,1,1,1,1,1,0,0,1,0,1,2
נתניה,קרית צאנז,דירה,140,0,5.0,1,1,1,1,1,0,0,1,0,1,2
חיפה,רמות רמז,דירת גן,130,30,4.5,1,0,0,0,0,0,0,0,1,1,1680000
אור יהודה,נווה סביון,דירה,92,0,4.0,1,1,1,1,1,1,0,1,1,0,2750000
מיתר / כרמית,אין,בית פרטי/קוטג,807,634,6.0,0,1,1,1,0,0,0,0,0,0,0
נתניה,מרכז העיר,דירה,100,0,4.0,0,1,1,0,0,0,1,0,1,0,0
ענב,אין,בית פרטי/קוטג,430,300,5.0,1,1,1,1,0,1,0,0,0,1,1950000
ירושלים,בקעה,דירה,90,0,4.0,1,1,1,1,1,0,0,1,0,0,4000000
בת ים,אין,דירה,80,0,3.0,1,1,0,1,1,1,1,1,0,0,2450000
שדרות,נאות המייסדים,גג/פנטהאוז,155,0,5.0,2,1,1,1,1,0,0,1,0,1,2250000
נהריה,נווה יצחק רבין (נהריה הירוקה),דירת גן,310,160,6.0,0,1,1,1,0,1,1,0,1,1,2300000
בת ים,צפון מערב,דירה,87,0,3.5,0,1,0,0,1,0,0,1,0,0,2150000
אלקנה,אין,דירת גן,227,100,5.0,1,1,1,1,1,0,0,1,0,1,2950000
מודיעין מכבים רעות,אין,דירת גן,362,244,5.0,2,0,1,1,1,1,0,1,0,1,4935000
קרית מוצקין,משכנות אומנים (כורדני),דירה,137,0,4.0,1,1,1,1,1,0,0,1,0,1,1950000
נופים,אין,דו משפחתי,300,0,7.0,1,1,1,1,0,0,0,0,0,0,2800000
נשר,תל חנן,דירה,90,0,3.0,0,1,0,1,0,1,0,0,0,1,0
תל אביב יפו,הצפון החדש החלק הדרומי,דירה,74,0,3.0,1,1,0,0,0,1,0,0,1,0,4380000
באר שבע,שכונה ו,בית פרטי/קוטג,486,486,6.0,1,1,1,1,0,0,0,1,1,1,2300000
הר גילה,אין,בית פרטי/קוטג,350,80,6.0,3,1,1,1,0,1,0,0,1,1,5555555
תל אביב יפו,פלורנטין,דירה,50,0,2.0,0,0,0,0,0,1,0,0,0,0,2400000
בת ים,אין,דירה,65,0,2.5,0,1,1,0,0,1,0,0,0,0,1810000
מעלה אדומים,מגדים,גג/פנטהאוז,220,0,5.0,2,1,0,1,0,1,0,0,1,0,0
אשדוד,רובע ג,גג/פנטהאוז,114,0,3.5,1,1,1,0,0,1,1,0,1,1,1850000
תל אביב יפו,שיכון בבלי,גג/פנטהאוז,175,0,4.0,1,1,1,0,1,0,0,0,0,0,8350000
חולון,נאות רחל,דירה,118,0,4.5,0,1,1,0,1,1,0,0,1,0,2320000
אשקלון,אפרידר,דירת גן,140,0,4.0,1,1,1,1,0,0,0,1,0,0,2150000
באר שבע,שיכון דרום,דירה,80,0,0.0,0,1,0,0,0,1,0,0,0,0,980000
רעננה,קרית שרת,דירה,75,0,3.5,0,1,1,0,0,0,0,0,1,0,3800000
תל אביב יפו,הקריה,דירה,112,0,4.0,1,1,1,1,1,0,0,1,0,1,6400000
בני ברק,קרית הרצוג,דירה,100,0,4.0,0,1,0,0,0,1,1,0,1,0,3000000
תל אביב יפו,עזרא,דירה,100,0,4.0,1,1,1,1,1,0,0,1,0,1,3900000
תל אביב יפו,תל חיים,גג/פנטהאוז,151,0,5.0,2,1,1,0,0,1,0,0,0,0,5200000
חדרה,נווה חיים;ויצמן,בית פרטי/קוטג,400,270,4.5,2,1,1,0,0,1,0,1,0,1,2780000
צור הדסה,אין,בית פרטי/קוטג,450,120,7.0,2,1,1,1,0,0,0,1,1,1,5350000
ראשון לציון,קדמת ראשון,דירה,119,0,4.5,1,1,1,1,1,1,0,1,1,1,2730000
גדרה,אין,דו משפחתי,358,158,6.0,3,1,1,1,0,1,0,1,1,1,4550000
באר יעקב,"גן המושבה, השדרה המרכזית",דירה,134,0,5.0,1,1,1,1,1,0,0,1,1,1,2750000
יבנה,השכונה הירוקה,דירה,150,0,4.5,1,1,1,1,1,1,0,0,1,1,2900000
ירושלים,פסגת זאב צפון,דירה,120,0,5.5,3,1,1,0,1,1,1,0,1,1,2700000
ירושלים,נוה יעקב,דירה,100,80,5.0,1,1,1,0,0,1,0,1,1,0,2450000
ירושלים,נוה יעקב,דירה,85,0,4.0,0,0,1,0,1,1,0,1,1,0,2110000
ירושלים,פסגת זאב מערב,דירה,82,0,4.0,1,1,1,1,1,1,1,0,1,0,2400000
פתח תקווה,מרכז העיר צפון,דירה,120,0,4.0,0,1,1,0,1,1,0,1,1,0,2550000
קרית אונו,אין,דירה,122,0,0.0,1,1,1,1,1,0,0,1,0,1,0
חדרה,בית אליעזר,בית פרטי/קוטג,280,560,7.0,0,1,0,1,0,0,0,1,0,1,5190000
חולון,אגרובנק,דירה,55,0,3.5,0,1,0,0,0,0,0,0,1,0,1820000
פוריה עילית,אין,בית פרטי,210,0,6.0,1,1,1,1,0,0,0,0,1,1,3500000
בת ים,אין,דירה,52,0,2.0,0,1,0,0,0,0,0,0,1,0,159000
ירושלים,פסגת זאב מערב,דירה,101,0,4.0,1,1,1,1,1,0,0,1,0,0,2350000
צפת,אין,דירה,70,0,3.0,0,1,1,0,0,0,0,0,0,0,890000
נתניה,משכנות זבולון וקרית רבין,דירה,100,0,4.0,3,1,1,1,1,0,0,0,1,0,2200000
נתניה,נאות הרצל,גג/פנטהאוז,162,0,4.0,1,1,1,0,1,0,0,0,0,0,2700000
חיפה,נוה שאנן,דירה,35,0,1.5,0,1,0,0,0,1,0,1,1,0,900000
קרית מוצקין,מוצקין הותיקה,דירה,100,0,4.0,1,1,0,0,0,1,0,0,0,1,1250000
ירושלים,פסגת זאב מרכז,דירה,92,0,4.0,1,1,0,0,0,1,0,0,1,0,2490000
נתיבות,אין,דירה,120,0,0.0,1,1,1,1,1,0,0,0,0,1,1380000
חיפה,הדר הכרמל,דירה,102,0,3.5,3,1,0,0,0,0,0,0,1,0,1600000
כפר יונה,אין,דירה,112,0,4.0,1,1,1,1,1,1,1,1,0,1,2550000
חיפה,נוה שאנן,דירה,40,0,2.0,1,1,0,0,0,0,0,0,1,1,1250000
באר שבע,שכונה ב,דירה,95,0,3.5,1,0,1,1,1,0,0,0,1,1,1350000
ירושלים,חומת שמואל;הר חומה,דירת גן,248,120,5.0,1,1,1,1,0,0,0,0,1,1,4000000
קרית יערים,אין,דירה,97,0,4.0,1,1,1,1,1,1,1,0,1,1,2800000
ירושלים,רמות,דירה,100,0,3.5,1,1,1,0,0,1,0,0,1,0,2600000
תל אביב יפו,הצפון הישן החלק הצפוני,דירה,81,0,3.0,0,1,0,1,1,0,0,1,0,0,4750000
עפולה,רובע יזרעאל,דירת גן,328,200,5.0,0,1,1,1,1,1,1,1,0,1,2450000
פתח תקווה,אין,יחידת דיור,31,0,1.0,0,1,0,0,1,1,0,0,1,1,695000
חולון,אין,דירה,110,0,4.0,0,1,1,0,1,1,0,1,0,0,2650000
רמלה,אין,דירה,68,0,3.0,0,0,0,0,0,0,0,0,0,0,1370000
באר שבע,שכונה ד,דירה,78,0,3.0,1,1,1,0,0,0,1,0,1,0,720000
נתניה,מרכז העיר,דירה,120,0,4.0,1,1,1,1,1,0,0,1,0,0,3590000
צפת,אין,דירה,90,0,4.5,0,1,0,0,0,1,1,0,0,0,1550000
רחובות,רחובות ההולנדית,דירה,97,0,4.0,1,1,1,1,1,1,0,1,1,1,2650000
בית שמש,אין,דירה,109,0,3.0,1,1,1,1,1,1,0,1,0,1,2175000
רחובות,אפריים;סלע,דירה,131,0,5.0,1,1,1,1,1,0,0,1,1,1,3980000
אשקלון,ברנע ב,דירה,148,0,5.0,1,1,1,1,1,0,0,0,0,1,2700000
נתיבות,אין,דירה,160,0,4.0,2,1,1,1,1,0,0,1,0,1,1490000
חולון,נאות רחל,דירת גן,46,0,2.0,1,1,1,1,0,1,0,0,1,0,1750000
נתניה,עיר ימים,דירה,205,0,4.5,1,1,1,1,1,0,1,1,0,1,10900000
בני ברק,שכון ההסתדרות,דירה,88,0,4.0,0,1,1,1,1,0,0,1,0,0,2800000
רמלה,נווה רם,דירה,90,0,3.0,1,0,1,0,0,0,0,0,0,0,2059000
נהריה,אין,דירה,120,0,4.0,1,1,1,1,1,0,0,1,0,1,4480
אשקלון,אפרידר,דירה,100,0,4.0,1,1,1,1,1,1,1,1,1,0,1560000
חצור הגלילית,אין,דירה,60,0,3.0,0,1,1,0,0,1,1,0,0,0,690000
קרית אתא,מרכז העיר,מגרשים,1185,0,0.0,0,0,0,0,0,0,0,0,0,0,1122000
מודיעין עילית,אין,דירת גן,167,17,5.5,1,1,0,1,1,1,0,1,0,0,2870000
רחובות,רחובות ההולנדית,דירה,125,0,5.5,1,1,1,1,1,1,1,0,0,0,3000000
מבשרת ציון,אין,דירת גן,360,240,4.0,0,1,1,1,1,1,1,1,0,1,6500000
נתניה,עיר ימים,דופלקס,135,0,4.0,1,1,1,1,1,1,1,0,0,1,5490000
תל אביב יפו,לב תל אביב החלק הצפוני,דירה,61,0,2.0,1,1,0,1,1,0,1,1,1,0,3750000
נתיבות,אין,דירה,90,0,4.0,1,1,1,1,1,1,0,0,0,0,1180000
פתח תקווה,מרכז העיר דרום,דירה,102,0,3.5,1,1,0,1,1,1,1,1,1,0,2450000
ראש העין,הרקפות,דירה,14,0,5.0,1,1,1,1,1,0,0,1,0,0,2820000
חיפה,הדר הכרמל,דירה,80,0,4.0,1,1,0,0,0,1,0,0,1,0,1120000
עפולה,עפולה עילית,דירה,70,0,3.0,1,1,0,0,0,1,0,1,1,1,950000
חיפה,יזרעאליה,דירה,55,0,3.0,0,1,0,0,0,1,0,0,1,0,1150000
רעננה,אין,בית פרטי/קוטג,320,150,8.5,2,1,0,1,0,0,0,0,0,1,13900000
שדרות,נאות אביב,דירה,150,0,5.0,1,1,1,1,1,0,1,1,1,1,3284000
ראשון לציון,השומר,דירה,150,0,5.0,1,1,1,1,1,0,0,1,0,1,3450000
רעננה,אין,בית פרטי/קוטג,300,120,7.0,3,1,1,1,0,0,0,1,0,1,9500000
נתיבות,אין,דירת גן,270,150,5.0,0,1,0,1,1,1,0,1,0,1,2690000
צפת,אין,דירת גג,100,0,6.0,1,1,1,0,0,0,0,0,0,0,1550000
רמת גן,אזור הבילויים,דירה,101,0,4.0,0,1,1,1,1,0,1,0,0,0,3100000
נתניה,מרכז העיר,דירה,120,0,4.0,0,1,1,0,1,0,0,1,0,0,2500000
צפת,אין,דירת גן,118,0,4.0,1,1,1,1,0,0,0,1,0,0,1600000
קרית מלאכי,אין,דירה,108,0,4.0,1,0,1,1,1,0,0,1,0,1,1950000
ירושלים,נוה יעקב,דירה,137,0,6.0,1,0,0,0,0,0,0,0,0,0,2800000
הרצליה,נחלת עדה,מגרשים,750,0,0.0,0,0,0,0,0,0,0,0,0,0,9940000
רמת ישי,אין,דו משפחתי,300,185,6.0,2,1,1,1,0,1,0,1,0,1,3300000
מודיעין מכבים רעות,הפרחים (מירומי),דירת גן,130,170,5.0,2,1,1,1,0,0,0,0,1,1,4590000
חיפה,הדר הכרמל,דירת גן,50,50,2.0,0,0,0,0,0,0,0,0,0,0,1250000
חיפה,הדר עליון,דירה,88,0,3.0,1,1,1,1,1,0,0,1,0,1,1890000
חדרה,אין,גג/פנטהאוז,187,0,5.5,1,1,1,1,1,0,0,1,1,1,4100000
יהוד מונוסון,אין,דירה,60,0,3.0,1,1,1,1,1,0,0,0,0,1,2320000
חולון,שדרת המגדלים ח-501,דירה,120,0,5.0,1,1,1,1,1,0,0,1,0,1,3580000
ירושלים,קרית משה,דירה,130,0,6.0,2,1,1,1,1,0,0,1,0,1,0
בת ים,בית וגן,דירה,90,0,4.0,1,1,0,0,0,1,0,0,0,0,2200000
רמת גן,אין,דירה,90,0,3.0,0,1,0,0,0,1,0,0,0,0,3300000
חולון,שכונת עם,דירה,90,0,3.5,1,1,1,1,1,1,1,1,1,1,3000000
ראש העין,נוה אפק,דופלקס,164,0,6.5,2,1,1,0,0,1,0,0,0,1,3235000
קרית גת,רובע הבנים,דירה,140,0,5.0,1,1,1,1,1,1,0,0,1,1,2100000
חיפה,רמת ויזניץ,דירה,70,0,2.5,0,1,0,0,0,0,0,0,1,0,950000
בת ים,רמת הנשיא,דירה,64,0,3.0,0,1,0,0,0,0,0,0,1,0,1660000
חדרה,מרכז העיר,דירה,101,0,4.0,0,1,0,0,1,1,0,0,0,0,1590000
חולון,נווה רמז,דירה,120,0,5.0,1,1,1,0,1,1,0,1,1,0,2950000
חריש,אין,דירה,180,0,4.0,1,1,1,1,1,0,0,1,0,1,2500000
לוטם,אין,בית פרטי/קוטג,330,200,7.0,1,1,0,0,0,1,0,1,0,0,2900000
באר שבע,שכונה ד,בית פרטי/קוטג,140,140,4.0,2,1,0,0,0,1,1,0,1,0,1099000
יבנה,אין,דירה,80,0,3.0,2,1,1,1,1,1,0,1,0,1,1840000
צור יצחק,אין,דופלקס,154,0,4.5,2,1,1,1,1,1,1,0,0,0,3500000
נהריה,נווה יצחק רבין (נהריה הירוקה),דירה,74,0,3.0,0,1,1,0,1,0,0,0,0,1,0
פתח תקווה,אחדות,דירה,70,0,3.0,0,1,0,0,0,1,1,0,0,0,1850000
אשקלון,נווה דקלים,מגרשים,510,0,0.0,0,0,0,0,0,0,0,0,0,0,3700000
קרית גת,אין,דירה,101,0,4.0,0,1,0,0,1,1,1,0,0,0,1400000
נתניה,מרכז העיר,דירה,75,0,3.5,0,1,0,0,0,1,1,0,0,1,4900
ירושלים,פסגת זאב מזרח,בית פרטי/קוטג,1111111,111111,6.0,0,1,1,1,0,0,0,0,1,1,2800000
תל אביב יפו,הצפון הישן החלק המרכזי,דירה,65,0,2.5,2,1,0,0,0,0,0,0,0,0,4750000
ראש העין,פסגות אפק,דירת גן,227,94,5.0,1,1,1,1,1,0,0,1,0,0,3390000
נתניה,עיר ימים,דירה,130,0,5.0,1,0,1,0,0,0,0,1,0,1,0
עכו,נווה יוני נתניהו,בית פרטי/קוטג,260,100,5.0,1,1,0,0,0,1,1,1,1,1,1850000
רחובות,דניה,דירה,105,0,5.0,1,1,0,1,1,0,0,0,1,0,2290000
חיפה,יזרעאליה,דירה,60,0,3.0,0,1,0,0,0,1,1,0,1,0,1070000
אור יהודה,אין,דירה,86,0,4.0,1,1,0,0,0,0,0,0,0,0,2150000
ירושלים,בית הכרם,דירה,75,0,3.0,1,1,0,0,0,1,0,0,0,0,3000000
אזור,אין,דירה,65,0,3.0,0,1,0,0,0,1,0,0,1,0,1850000
רמלה,קריית מנחם בגין,דירה,115,0,4.0,1,1,1,1,1,1,1,1,1,0,2150000
נתניה,גלי הים,דירה,167,0,6.0,1,1,1,1,1,0,1,1,0,1,4450000
באר יעקב,"גן המושבה, השדרה המרכזית",דירה,153,0,5.0,1,1,1,1,1,1,0,1,1,1,0
נס ציונה,וואלי (valley),גג/פנטהאוז,150,0,4.0,1,1,1,1,1,1,1,1,1,0,4200000
קרית גת,אתרי המקרא,דופלקס,130,0,5.0,2,1,1,0,0,1,0,0,0,0,2000000
מודיעין מכבים רעות,הפרחים (מירומי),גג/פנטהאוז,123,0,5.0,2,1,1,1,1,1,1,1,1,1,3990000
נתניה,מרכז העיר,דירה,65,0,3.0,0,1,0,0,0,0,0,0,0,0,1850000
חיפה,כרמל ותיק,דירה,89,0,3.5,0,1,0,0,0,1,0,0,0,0,1650000
אשקלון,הסיטי,דירת גן,170,60,5.0,0,1,1,1,1,1,1,1,1,1,2600000
נשר,תל חנן,דירה,65,0,3.0,1,0,1,1,1,0,0,0,0,0,1625000
ירושלים,חומת שמואל;הר חומה,דירה,118,0,4.0,2,1,1,0,1,0,0,1,1,1,2950000
טירת כרמל,"גלי כרמל, ז'בוטינסקי",דירה,138,0,5.0,1,1,1,1,1,0,0,1,0,1,2150000
בית שמש,אין,דירה,95,0,3.0,1,1,0,1,1,0,0,0,0,0,2150000
קרית ביאליק,מרכז העיר,דירה,107,0,5.0,0,1,1,0,0,0,0,0,0,1,1350000
באר שבע,שכונה ד,דירה,60,0,3.0,0,1,0,0,0,0,0,0,1,0,700000
אופקים,אין,דירה,145,0,5.0,1,1,1,1,1,0,0,0,0,1,1780000
אלפי מנשה,אין,דו משפחתי,350,100,7.0,1,1,1,1,0,0,0,0,0,1,3300000
ירושלים,הר נוף,דירה,210,0,6.5,1,1,0,0,1,0,0,1,1,1,4550000
תל אביב יפו,תל כביר,דירה,78,0,3.0,0,1,0,0,0,1,1,0,0,0,2290000
מעלה אדומים,אבני החושן,דירה,83,0,3.0,0,1,0,0,0,1,0,0,1,0,1850000
פתח תקווה,מרכז העיר דרום,דירה,95,0,4.0,1,1,1,1,1,0,0,1,0,1,2390000
עפולה,רובע יזרעאל,בית פרטי/קוטג,504,304,7.0,2,1,1,1,0,0,0,0,0,0,4700000
